3-mers,Count,PI,MW,Hydro
QVP,11.0,5.97,342.4,-0.9
VPT,25.0,5.36,315.37,1.9
PTE,26.0,3.63,345.35,-5.8
TED,10.0,3.36,363.32,-7.7
EDV,29.0,4.09,361.35,-2.8
DVL,79.0,4.32,345.4,4.5
VLE,91.0,3.76,359.42,4.5
LET,38.0,4.09,361.4,-0.4
GQA,26.0,5.64,274.28,-2.1
QAK,10.0,9.9,345.4,-5.6
AKR,23.0,12.0,373.46,-6.6
KRV,12.0,11.46,401.51,-4.2
RVN,11.0,12.0,387.44,-3.8
NRV,13.0,9.97,387.44,-3.8
RVR,84.0,12.62,429.52,-4.8
VRV,58.0,9.97,372.47,3.9
RVP,41.0,12.0,370.45,-1.9
VPG,49.0,5.6,271.32,2.2
GYV,17.0,5.58,337.38,2.5
YVL,15.0,8.58,393.48,6.7
LNE,11.0,3.78,374.39,-3.2
SVV,46.0,5.52,303.36,7.6
VVR,86.0,12.0,372.47,3.9
VRH,13.0,9.31,410.48,-3.5
TPG,33.0,5.54,273.29,-2.7
PGV,71.0,5.42,271.32,2.2
GVT,51.0,5.36,275.3,3.1
VTG,108.0,5.6,275.3,3.1
TGF,25.0,5.27,323.35,1.7
GFV,40.0,5.58,321.38,6.6
FVG,24.0,5.74,321.38,6.6
VGN,12.0,5.46,288.3,0.3
GNA,18.0,5.64,260.25,-2.1
NPA,15.0,5.61,300.31,-3.3
PAP,156.0,5.88,283.33,-1.4
APL,122.0,5.6,299.37,4.0
PLR,42.0,12.0,384.48,-2.3
LRF,18.0,9.74,434.54,2.1
RFD,19.0,7.82,436.47,-5.2
FDE,17.0,3.67,409.4,-4.2
DEA,97.0,4.05,333.3,-5.2
EAF,37.0,4.6,365.39,1.1
AFT,21.0,5.38,337.38,3.9
TML,17.0,5.51,363.47,5.0
LKP,16.0,9.08,356.47,-1.7
PIA,45.0,5.49,299.37,4.7
IAD,58.0,3.46,317.34,2.8
ADE,67.0,3.59,333.3,-5.2
DEQ,21.0,4.05,390.35,-10.5
EQL,60.0,4.6,388.42,-3.2
QLA,123.0,5.58,330.38,2.1
LAE,195.0,3.78,331.37,2.1
AEQ,43.0,4.1,346.34,-5.2
EQQ,10.0,4.6,403.39,-10.5
KAA,50.0,10.06,288.35,-0.3
AAP,214.0,6.06,257.29,2.0
APS,44.0,5.31,273.29,-0.6
QQP,10.0,5.97,371.39,-8.6
QVT,20.0,5.3,346.38,0.0
VTV,46.0,5.56,317.39,7.7
TVE,28.0,3.71,347.37,0.0
VEV,74.0,4.08,345.4,4.9
EVD,46.0,3.63,361.35,-2.8
VDF,14.0,3.88,379.41,3.5
DFE,15.0,3.81,409.4,-4.2
FEV,29.0,4.21,393.44,3.5
EVG,47.0,4.6,303.32,0.3
VGE,53.0,3.76,303.32,0.3
GET,35.0,4.08,305.29,-4.6
ETI,16.0,4.6,361.4,0.3
TIT,16.0,5.3,333.38,3.1
ITI,16.0,5.6,345.44,8.3
ITE,22.0,3.77,361.4,0.3
TEG,22.0,4.01,305.29,-4.6
EGS,23.0,4.6,291.26,-4.7
GSF,16.0,5.33,309.32,1.6
SFA,24.0,5.6,323.35,3.8
FAG,53.0,5.74,293.32,4.2
AGF,59.0,5.36,293.32,4.2
GFP,15.0,6.03,319.36,0.8
FPG,16.0,5.74,319.36,0.8
PGT,33.0,5.21,273.29,-2.7
GTI,55.0,5.59,289.33,3.4
SEI,11.0,4.02,347.37,0.2
QPA,11.0,5.58,314.34,-3.3
PAS,54.0,5.13,273.29,-0.6
ASR,53.0,12.0,332.36,-3.5
RKL,16.0,12.0,415.54,-4.6
LTV,56.0,5.59,331.41,7.3
TVL,78.0,5.51,331.41,7.3
VLV,161.0,5.56,329.44,12.2
LVS,51.0,5.3,317.39,7.2
VSL,41.0,5.58,317.39,7.2
SLF,12.0,5.28,365.43,5.8
LFE,10.0,3.78,407.47,3.1
FER,34.0,8.02,450.49,-5.2
ERE,46.0,4.44,432.43,-11.5
RET,28.0,9.24,404.42,-8.7
ETP,33.0,4.6,345.35,-5.8
TPV,34.0,5.5,315.37,1.9
PVE,51.0,3.63,343.38,-0.9
VEL,85.0,4.08,359.42,4.5
ELG,101.0,4.6,317.34,-0.1
LGF,49.0,5.35,335.4,6.2
GFG,37.0,5.6,279.3,2.0
FGQ,11.0,5.36,350.37,-1.1
GQV,27.0,5.58,302.33,0.3
QVS,12.0,5.22,332.36,-0.1
VSK,20.0,9.9,332.4,-0.5
MAP,13.0,6.02,317.4,2.1
APK,14.0,9.9,314.38,-3.7
KVT,11.0,10.06,346.43,-0.4
TGL,49.0,5.51,289.33,2.7
GLI,35.0,5.59,301.39,7.9
LIK,11.0,9.9,372.51,4.4
IQA,15.0,5.65,330.38,2.8
QAG,32.0,5.54,274.28,-2.1
AGA,386.0,5.66,217.22,3.2
GAA,299.0,5.64,217.22,3.2
AAN,32.0,5.49,274.28,0.1
ANP,19.0,6.06,300.31,-3.3
APP,63.0,6.06,283.33,-1.4
PPV,19.0,5.42,311.38,1.0
PVG,59.0,5.45,271.32,2.2
VGP,27.0,6.02,271.32,2.2
GPA,71.0,5.64,243.26,-0.2
PAL,107.0,5.44,299.37,4.0
ALG,294.0,5.63,259.31,5.2
LGQ,27.0,5.23,316.36,-0.1
GQH,11.0,5.51,340.34,-7.1
HGV,28.0,7.23,311.34,0.6
VNI,11.0,5.59,344.41,5.2
NAA,31.0,5.61,274.28,0.1
AAT,157.0,5.38,261.28,2.9
ATE,31.0,3.78,319.31,-2.4
QRG,22.0,10.0,359.39,-8.4
VIP,14.0,6.02,327.42,7.1
IPV,23.0,5.58,327.42,7.1
VEI,28.0,4.08,359.42,5.2
EIT,20.0,4.6,361.4,0.3
ITV,31.0,5.58,331.41,8.0
EDR,21.0,4.75,418.41,-11.5
DRS,25.0,5.78,376.37,-8.8
RSF,10.0,12.0,408.46,-2.5
SFD,13.0,3.43,367.36,-1.5
FDF,10.0,4.02,427.46,2.1
DFV,19.0,4.32,379.41,3.5
FVL,36.0,5.72,377.48,10.8
VLK,19.0,9.9,358.48,4.1
TPP,11.0,5.97,313.35,-3.9
PPA,52.0,5.49,283.33,-1.4
PAA,194.0,5.49,257.29,2.0
AAE,270.0,3.78,289.29,0.1
AEL,230.0,4.1,331.37,2.1
ELI,33.0,4.6,373.45,4.8
AAG,386.0,5.63,217.22,3.2
AGV,160.0,5.6,245.28,5.6
GSG,70.0,5.6,219.2,-1.6
SGV,52.0,5.52,261.28,3.0
GVP,80.0,6.03,271.32,2.2
KVG,12.0,10.06,302.37,-0.1
VGK,16.0,9.9,302.37,-0.1
GKL,12.0,8.62,316.4,-0.5
LTM,10.0,5.36,363.47,5.0
TMA,14.0,5.58,321.39,3.0
AQV,33.0,5.6,316.36,2.5
QVE,17.0,3.71,374.39,-2.8
VEE,34.0,3.66,375.38,-2.8
EEI,14.0,4.24,389.41,-2.5
EIA,74.0,4.6,331.37,2.8
IAQ,39.0,5.22,330.38,2.8
AQQ,22.0,5.24,345.36,-5.2
LVD,116.0,3.48,345.4,4.5
VDL,65.0,3.88,345.4,4.5
LNA,24.0,5.65,316.36,2.1
DIE,11.0,3.81,375.38,-2.5
IEG,30.0,4.09,317.34,0.6
EGA,74.0,4.6,275.26,-2.1
GAK,19.0,9.9,274.32,-2.5
AKK,42.0,10.17,345.44,-6.0
IVA,139.0,5.65,301.39,10.5
VAG,208.0,5.6,245.28,5.6
AGT,89.0,5.38,247.25,0.7
GTA,63.0,5.64,247.25,0.7
TAR,60.0,12.0,346.39,-3.4
ARS,101.0,9.68,332.36,-3.5
GIT,33.0,5.36,289.33,3.4
VEG,50.0,4.08,303.32,0.3
SKA,17.0,8.7,304.35,-2.9
AYR,26.0,10.64,408.46,-4.0
YRA,20.0,10.09,408.46,-4.0
RAA,360.0,12.0,316.36,-0.9
AAA,1313.0,5.66,231.25,5.4
IEA,46.0,4.09,331.37,2.8
EAG,118.0,4.6,275.26,-2.1
AGK,32.0,9.9,274.32,-2.5
TPA,45.0,5.58,287.32,-0.5
PAE,64.0,3.63,315.33,-3.3
AEA,254.0,4.1,289.29,0.1
EAV,75.0,4.6,317.34,2.5
AVA,456.0,5.66,259.31,7.8
VAL,354.0,5.58,301.39,9.8
ALA,719.0,5.66,273.33,7.4
LAR,161.0,12.0,358.44,1.1
ARE,98.0,4.44,374.4,-6.2
ETG,42.0,4.6,305.29,-4.6
TGS,46.0,5.22,263.25,-1.9
GSA,65.0,5.64,233.22,0.6
DST,10.0,4.32,321.29,-5.0
STV,31.0,5.52,305.33,2.7
EVA,63.0,4.6,317.34,2.5
ALK,28.0,9.9,330.43,1.7
LKL,14.0,8.62,372.51,3.7
KLG,11.0,10.06,316.4,-0.5
LGV,163.0,5.59,287.36,7.6
GVD,103.0,3.46,289.29,0.3
VDP,37.0,3.88,329.35,-0.9
DPR,29.0,8.07,386.41,-9.6
RKA,20.0,12.0,373.46,-6.6
KAD,13.0,6.94,332.36,-5.6
ADQ,34.0,3.91,332.31,-5.2
MVR,13.0,12.0,404.53,1.6
VRG,46.0,10.0,330.39,-0.7
RGT,28.0,12.0,332.36,-5.6
GTV,90.0,5.58,275.3,3.1
TVS,31.0,5.22,305.33,2.7
SLP,31.0,5.98,315.37,1.4
PHG,14.0,6.8,309.32,-5.2
HGT,21.0,7.04,313.31,-4.3
GTG,61.0,5.6,233.22,-1.5
TGK,13.0,9.9,304.35,-5.0
GKT,22.0,8.4,304.35,-5.0
KTA,10.0,10.06,318.37,-2.8
ARV,91.0,9.97,344.41,1.5
RVI,27.0,12.0,386.49,4.2
VIV,73.0,5.56,329.44,12.9
IVF,18.0,5.33,377.48,11.5
VFA,32.0,5.64,335.4,8.8
FAQ,14.0,5.36,364.4,1.1
AQG,33.0,5.63,274.28,-2.1
EAA,233.0,4.6,289.29,0.1
AAI,139.0,5.61,273.33,8.1
AIA,254.0,5.66,273.33,8.1
IAA,276.0,5.65,273.33,8.1
GAD,168.0,3.46,261.23,-2.1
DEV,47.0,4.05,361.35,-2.8
VGS,54.0,5.27,261.28,3.0
GSD,39.0,3.46,277.23,-4.7
SDE,33.0,3.54,349.3,-7.8
DEL,72.0,4.05,375.38,-3.2
LIE,28.0,3.78,373.45,4.8
KVA,30.0,10.06,316.4,2.1
AGG,205.0,5.63,203.2,1.0
GGW,15.0,5.41,318.33,-1.7
FDA,38.0,4.02,351.36,1.1
DAA,284.0,4.32,275.26,0.1
AAV,336.0,5.6,259.31,7.8
VAS,100.0,5.27,275.3,5.2
ASP,43.0,6.06,273.29,-0.6
SPE,37.0,3.73,331.33,-5.9
PEL,54.0,3.92,357.41,-1.3
LMG,25.0,5.61,319.42,5.3
GKV,18.0,8.62,302.37,-0.1
VGR,73.0,12.0,330.39,-0.7
GRL,60.0,9.98,344.41,-1.1
RLG,93.0,12.0,344.41,-1.1
LGK,11.0,9.9,316.4,-0.5
KVL,18.0,10.06,358.48,4.1
VLG,136.0,5.6,287.36,7.6
LGP,43.0,6.05,285.34,1.8
GPR,36.0,12.0,328.37,-6.5
PRG,30.0,10.0,328.37,-6.5
RGL,98.0,12.0,344.41,-1.1
GLM,20.0,5.33,319.42,5.3
LMP,14.0,6.05,359.48,4.1
TGT,29.0,5.3,277.28,-1.8
TVT,34.0,5.3,319.36,2.8
VTP,26.0,6.02,315.37,1.9
PNV,12.0,5.42,328.37,-0.9
NVA,18.0,5.61,302.33,2.5
VAQ,35.0,5.21,316.36,2.5
AQA,71.0,5.66,288.3,0.1
QAV,28.0,5.5,316.36,2.5
AVT,67.0,5.38,289.33,5.3
VTD,37.0,3.45,333.34,0.0
TDI,13.0,3.82,347.37,0.3
KGG,11.0,10.06,260.29,-4.7
GGR,60.0,12.0,288.31,-5.3
GRI,75.0,9.98,344.41,-0.4
RIE,35.0,8.04,416.48,-3.5
EFR,11.0,8.2,450.49,-5.2
FRV,14.0,9.97,420.51,2.5
RVD,40.0,7.82,388.42,-3.8
VDK,11.0,6.9,360.41,-3.2
ANV,27.0,5.6,302.33,2.5
IVG,68.0,5.61,287.36,8.3
GKA,17.0,8.7,274.32,-2.5
ASF,24.0,5.36,323.35,3.8
SFS,10.0,5.23,339.35,1.2
FSE,11.0,3.87,381.39,-1.5
SEE,11.0,3.63,363.32,-7.8
EEQ,15.0,4.24,404.38,-10.5
ITA,54.0,5.65,303.36,5.6
TAA,184.0,5.58,261.28,2.9
AAL,800.0,5.6,273.33,7.4
ALE,197.0,3.78,331.37,2.1
LEE,48.0,3.67,389.41,-3.2
EEV,25.0,4.24,375.38,-2.8
EVV,65.0,4.6,345.4,4.9
VRL,70.0,9.98,386.49,3.5
PSS,34.0,5.13,289.29,-3.2
SSS,24.0,5.23,279.25,-2.4
SKG,14.0,8.65,290.32,-5.1
KGR,12.0,12.03,359.43,-8.8
GRY,19.0,9.59,394.43,-6.2
KAT,11.0,10.06,318.37,-2.8
ATV,99.0,5.6,289.33,5.3
VST,24.0,5.36,305.33,2.7
STT,20.0,5.32,307.3,-2.2
TTF,10.0,5.27,367.4,1.4
TFG,15.0,5.54,323.35,1.7
FGP,22.0,6.17,319.36,0.8
GPG,59.0,5.6,229.24,-2.4
PGI,27.0,5.44,285.34,2.5
GIP,27.0,6.03,285.34,2.5
PVD,30.0,3.35,329.35,-0.9
VDV,96.0,3.88,331.37,4.9
DVT,41.0,4.32,333.34,0.0
VTS,23.0,5.27,305.33,2.7
TSI,15.0,5.52,319.36,3.0
MTL,19.0,5.58,363.47,5.0
TLA,95.0,5.58,303.36,4.9
LAL,297.0,5.6,315.41,9.4
ALT,73.0,5.38,303.36,4.9
LTG,94.0,5.61,289.33,2.7
VQS,14.0,5.27,332.36,-0.1
SQR,19.0,12.0,389.41,-8.8
QRD,18.0,4.06,417.42,-11.5
RDS,17.0,9.17,376.37,-8.8
DSG,19.0,4.32,277.23,-4.7
SGT,45.0,5.32,263.25,-1.9
GTD,25.0,3.46,291.26,-4.6
TDD,28.0,3.31,349.3,-7.7
DDS,17.0,3.91,335.27,-7.8
DSA,25.0,4.32,291.26,-2.5
SAA,111.0,5.6,247.25,2.8
APE,73.0,3.78,315.33,-3.3
PES,41.0,3.92,331.33,-5.9
ESD,12.0,3.63,349.3,-7.8
SDV,16.0,3.83,319.31,-0.1
DVN,10.0,4.32,346.34,-2.8
IFG,19.0,5.61,335.4,6.9
FGA,53.0,5.78,293.32,4.2
GAS,101.0,5.28,233.22,0.6
ASA,194.0,5.66,247.25,2.8
SAD,43.0,3.43,291.26,-2.5
ADP,68.0,3.91,301.3,-3.3
DPS,31.0,4.32,317.3,-5.9
PSG,30.0,5.45,259.26,-2.8
SGL,55.0,5.54,275.3,2.6
GLD,62.0,3.46,303.32,-0.1
LDP,33.0,3.9,343.38,-1.3
DPA,96.0,4.32,301.3,-3.3
PAF,20.0,5.18,333.39,3.0
AFA,86.0,5.66,307.35,6.4
FAS,24.0,5.42,323.35,3.8
ASD,40.0,3.48,291.26,-2.5
SDG,30.0,3.83,277.23,-4.7
DGE,65.0,3.81,319.27,-7.4
ETF,10.0,4.6,395.41,-1.4
FRI,13.0,9.98,434.54,2.8
RIS,22.0,12.0,374.44,-0.8
ISR,13.0,12.0,374.44,-0.8
SRQ,11.0,9.62,389.41,-8.8
RQI,18.0,12.0,415.49,-3.5
IFE,12.0,3.77,407.47,3.8
FEG,23.0,4.21,351.36,-1.1
EGL,53.0,4.6,317.34,-0.1
GLV,129.0,5.58,287.36,7.6
LVG,118.0,5.61,287.36,7.6
VGV,114.0,5.56,273.33,8.0
GVE,74.0,3.77,303.32,0.3
VEP,39.0,4.08,343.38,-0.9
EPG,55.0,4.6,301.3,-5.5
TAD,54.0,3.41,305.29,-2.4
PLL,75.0,5.44,341.45,6.0
LLA,389.0,5.65,315.41,9.4
LAT,107.0,5.37,303.36,4.9
ATD,33.0,3.48,305.29,-2.4
EEG,20.0,4.24,333.3,-7.4
EGT,29.0,4.6,305.29,-4.6
GTS,32.0,5.28,263.25,-1.9
TFD,15.0,3.41,381.39,-1.4
FDL,21.0,4.02,393.44,3.1
DLQ,27.0,4.32,374.39,-3.2
LQE,21.0,3.78,388.42,-3.2
QEG,12.0,4.01,332.31,-7.4
EGV,67.0,4.6,303.32,0.3
VTF,11.0,5.32,365.43,6.3
HDG,19.0,6.41,327.3,-7.1
DGT,68.0,4.32,291.26,-4.6
GTE,39.0,3.77,305.29,-4.6
NAE,12.0,3.74,332.31,-5.2
FDR,15.0,7.89,436.47,-5.2
GLT,46.0,5.36,289.33,2.7
LTA,78.0,5.65,303.36,4.9
TAT,64.0,5.3,291.3,0.4
TES,21.0,4.01,335.31,-5.0
ESL,55.0,4.6,347.37,-0.5
SLS,30.0,5.23,305.33,2.2
LSY,10.0,6.48,381.43,1.7
GSL,65.0,5.58,275.3,2.6
LYG,22.0,5.61,351.4,2.1
GGF,49.0,5.33,279.3,2.0
GFA,79.0,5.64,293.32,4.2
AGD,95.0,3.48,261.23,-2.1
GDE,43.0,3.58,319.27,-7.4
ENA,16.0,4.6,332.31,-5.2
NAL,20.0,5.55,316.36,2.1
ALY,19.0,6.49,365.43,4.3
LYE,11.0,3.78,423.47,-1.0
ADD,63.0,3.36,319.27,-5.2
DDE,47.0,3.63,377.31,-10.5
ELT,27.0,4.6,361.4,-0.4
TVN,10.0,5.4,332.36,0.0
VNL,14.0,5.58,344.41,4.5
LTR,34.0,12.0,388.47,-1.4
TRP,17.0,10.42,372.42,-6.8
PFS,14.0,5.13,349.39,0.4
FSG,14.0,5.74,309.32,1.6
SGF,17.0,5.28,309.32,1.6
GFI,16.0,5.59,335.4,6.9
FIA,22.0,5.78,349.43,9.1
IAS,53.0,5.3,289.33,5.5
ASL,133.0,5.6,289.33,4.8
LSL,54.0,5.6,331.41,6.8
LPA,115.0,5.65,299.37,4.0
AMQ,11.0,5.24,348.42,0.2
QSP,10.0,5.97,330.34,-5.9
SPT,20.0,5.32,303.32,-3.1
PTA,63.0,5.49,287.32,-0.5
TAL,103.0,5.51,303.36,4.9
EYG,12.0,4.6,367.36,-5.2
YGA,24.0,8.64,309.32,0.1
DDV,47.0,3.91,347.33,-2.8
DVG,29.0,4.32,289.29,0.3
VGG,73.0,5.6,231.25,3.4
GGS,55.0,5.28,219.2,-1.6
GSE,22.0,3.77,291.26,-4.7
EEA,42.0,4.24,347.33,-5.2
EAP,38.0,4.6,315.33,-3.3
YGE,10.0,4.3,367.36,-5.2
GEA,99.0,4.08,275.26,-2.1
EAH,20.0,4.97,355.35,-4.9
AHP,21.0,7.22,323.35,-3.0
PTG,31.0,5.45,273.29,-2.7
TGP,45.0,5.97,273.29,-2.7
GPF,11.0,5.33,319.36,0.8
PFV,15.0,5.42,361.44,5.4
VFE,22.0,3.76,393.44,3.5
FES,13.0,4.21,381.39,-1.5
SPG,18.0,5.55,259.26,-2.8
PGS,38.0,5.13,259.26,-2.8
SEV,22.0,4.02,333.34,-0.1
VVL,164.0,5.58,329.44,12.2
VLQ,26.0,5.21,358.44,4.5
LQA,61.0,5.65,330.38,2.1
NPD,10.0,3.44,344.32,-8.6
GEQ,17.0,4.08,332.31,-7.4
EQG,27.0,4.6,332.31,-7.4
VQE,20.0,3.76,374.39,-2.8
QEI,12.0,4.01,388.42,-2.5
EIV,33.0,4.6,359.42,5.2
VFR,17.0,12.0,420.51,2.5
VID,31.0,3.45,345.4,5.2
IDD,29.0,3.35,361.35,-2.5
DDP,30.0,3.91,345.31,-8.6
ARR,171.0,12.57,401.47,-7.2
RRQ,13.0,12.57,458.52,-12.5
RQA,31.0,12.0,373.41,-6.2
QAL,43.0,5.51,330.38,2.1
LES,51.0,4.09,347.37,-0.5
ESG,34.0,4.6,291.26,-4.7
SGD,22.0,3.43,277.23,-4.7
GDI,24.0,3.88,303.32,0.6
DID,18.0,3.53,361.35,-2.5
IDG,45.0,3.9,303.32,0.6
GYD,15.0,3.46,353.33,-5.2
YDL,14.0,5.77,409.44,-1.0
DLV,76.0,4.32,345.4,4.5
LVA,273.0,5.65,301.39,9.8
VAP,73.0,6.02,285.34,4.4
APA,277.0,5.66,257.29,2.0
PAD,63.0,3.35,301.3,-3.3
ADT,21.0,3.91,305.29,-2.4
DTA,46.0,4.32,305.29,-2.4
ALD,133.0,3.48,317.34,2.1
LDE,90.0,3.59,375.38,-3.2
GFN,13.0,5.46,336.35,-1.1
MQR,10.0,12.0,433.53,-6.1
RDP,28.0,9.91,386.41,-9.6
TIL,16.0,5.51,345.44,7.6
LYL,24.0,5.59,407.51,6.3
YLG,25.0,8.61,351.4,2.1
QQI,12.0,5.52,387.44,-2.5
QIP,10.0,5.97,356.42,-0.6
IPE,22.0,3.77,357.41,-0.6
ELQ,16.0,4.6,388.42,-3.2
DIR,10.0,8.07,402.45,-3.5
IRV,14.0,9.97,386.49,4.2
VRQ,27.0,9.62,401.47,-3.8
QAI,19.0,5.52,330.38,2.8
IAH,15.0,5.51,339.39,3.1
AHA,41.0,6.82,297.31,0.4
HAI,17.0,7.25,339.39,3.1
AID,69.0,3.48,317.34,2.8
IDR,21.0,7.85,402.45,-3.5
DRE,32.0,4.3,418.41,-11.5
REA,82.0,9.52,374.4,-6.2
EAL,179.0,4.6,331.37,2.1
ALV,332.0,5.6,301.39,9.8
LVT,48.0,5.37,331.41,7.3
VTQ,13.0,5.21,346.38,0.0
TQV,11.0,5.5,346.38,0.0
QVL,46.0,5.51,358.44,4.5
VLP,86.0,6.02,327.42,6.4
LPE,54.0,3.78,357.41,-1.3
PEG,46.0,3.92,301.3,-5.5
TEV,22.0,4.01,347.37,0.0
ASQ,32.0,5.24,304.3,-2.5
PVV,74.0,5.42,313.4,6.8
VVN,29.0,5.46,330.38,4.9
VNG,27.0,5.6,288.3,0.3
PAR,83.0,12.0,342.4,-4.3
ARA,377.0,10.04,316.36,-0.9
RAQ,37.0,12.0,373.41,-6.2
AQE,19.0,3.78,346.34,-5.2
QEL,16.0,4.01,388.42,-3.2
ELL,130.0,4.6,373.45,4.1
FAD,16.0,3.55,351.36,1.1
ADG,142.0,3.91,261.23,-2.1
DGL,65.0,4.32,303.32,-0.1
GLS,54.0,5.28,275.3,2.6
SLQ,11.0,5.17,346.38,-0.5
VNV,14.0,5.56,330.38,4.9
NVS,10.0,5.24,318.33,-0.1
VSR,30.0,12.0,360.41,-1.1
SRP,44.0,10.42,358.4,-6.9
NPE,10.0,3.74,358.35,-8.6
PEQ,19.0,3.92,372.38,-8.6
IFT,12.0,5.37,379.46,6.6
FTA,21.0,5.78,337.38,3.9
ALS,119.0,5.31,289.33,4.8
LSS,36.0,5.3,305.33,2.2
SQL,24.0,5.54,346.38,-0.5
QLE,27.0,3.71,388.42,-3.2
LEA,183.0,4.09,331.37,2.1
AVG,134.0,5.63,245.28,5.6
VGI,60.0,5.59,287.36,8.3
EPV,42.0,4.6,343.38,-0.9
PVA,111.0,5.49,285.34,4.4
VAD,98.0,3.45,303.32,2.5
DEW,10.0,4.05,448.43,-7.9
DYL,12.0,4.32,409.44,-1.0
YLD,17.0,3.82,409.44,-1.0
LDR,92.0,7.85,402.45,-4.2
DRM,12.0,5.84,420.48,-6.1
RMR,21.0,12.62,461.58,-7.1
MRG,12.0,10.0,362.45,-3.0
ADH,13.0,4.58,341.32,-4.9
DHG,14.0,5.38,327.3,-7.1
HGI,10.0,7.25,325.37,0.9
HLL,21.0,7.23,381.48,4.4
LLG,144.0,5.61,301.39,7.2
LGW,23.0,5.42,374.44,2.5
TGD,30.0,3.41,291.26,-4.6
DTD,13.0,3.53,349.3,-7.7
GVF,13.0,5.33,321.38,6.6
VFF,17.0,5.32,411.5,9.8
GFE,31.0,3.77,351.36,-1.1
ELF,14.0,4.6,407.47,3.1
LFG,37.0,5.61,335.4,6.2
GAL,216.0,5.58,259.31,5.2
LTE,23.0,3.78,361.4,-0.4
TEA,29.0,4.01,319.31,-2.4
EAR,96.0,8.2,374.4,-6.2
ARQ,31.0,9.62,373.41,-6.2
PQP,10.0,5.88,340.38,-6.7
QPE,10.0,3.71,372.38,-8.6
PED,22.0,3.3,359.34,-8.6
EDA,57.0,4.09,333.3,-5.2
DAT,68.0,4.32,305.29,-2.4
EAY,20.0,4.6,381.39,-3.0
QIA,23.0,5.58,330.38,2.8
AQF,14.0,5.36,364.4,1.1
FVP,15.0,6.17,361.44,5.4
VPL,62.0,5.58,327.42,6.4
PLA,159.0,5.49,299.37,4.0
LAH,43.0,5.51,339.39,2.4
HPA,26.0,7.29,323.35,-3.0
PSL,24.0,5.44,315.37,1.4
SLA,99.0,5.6,289.33,4.8
LAF,55.0,5.35,349.43,8.4
FAE,26.0,3.87,365.39,1.1
AER,259.0,7.99,374.4,-6.2
ERV,90.0,6.19,402.45,-3.8
RVT,32.0,12.0,374.44,-1.0
YPA,10.0,8.64,349.39,-1.1
SPV,22.0,5.52,301.34,1.8
VND,15.0,3.45,346.34,-2.8
EVF,15.0,4.6,393.44,3.5
IEL,29.0,4.09,373.45,4.8
ELS,26.0,4.6,347.37,-0.5
LSE,40.0,3.78,347.37,-0.5
MLR,16.0,12.0,418.55,1.2
LRT,40.0,9.76,388.47,-1.4
RTI,22.0,12.0,388.47,-0.7
TIG,38.0,5.54,289.33,3.4
GKR,19.0,12.0,359.43,-8.8
KRL,19.0,11.46,415.54,-4.6
RLL,96.0,12.0,400.52,3.1
LLL,255.0,5.6,357.49,11.4
LLI,61.0,5.6,357.49,12.1
LIP,13.0,6.05,341.45,6.7
PTL,38.0,5.44,329.4,1.5
TLF,15.0,5.27,379.46,5.9
FGL,32.0,5.72,335.4,6.2
VLL,181.0,5.58,343.47,11.8
LLF,25.0,5.35,391.51,10.4
LFF,16.0,5.35,425.53,9.4
WVR,10.0,12.0,459.55,-1.2
VRA,166.0,10.04,344.41,1.5
RAL,279.0,12.0,358.44,1.1
ALP,137.0,6.06,299.37,4.0
LPG,71.0,5.61,285.34,1.8
PGG,49.0,5.45,229.24,-2.4
GGP,59.0,6.03,229.24,-2.4
ALL,390.0,5.6,315.41,9.4
LGE,63.0,3.78,317.34,-0.1
GER,57.0,7.99,360.37,-8.4
ERA,163.0,6.26,374.4,-6.2
RAT,63.0,12.0,346.39,-3.4
ATP,56.0,6.06,287.32,-0.5
TPE,31.0,3.71,345.35,-5.8
PEA,60.0,3.92,315.33,-3.3
EAI,54.0,4.6,331.37,2.8
AIE,62.0,3.78,331.37,2.8
IER,47.0,7.99,416.48,-3.5
ERI,47.0,6.21,416.48,-3.5
AYG,24.0,5.63,309.32,0.1
RPL,38.0,12.0,384.48,-2.3
PLP,26.0,5.88,325.41,0.6
TWL,12.0,5.51,418.49,2.2
WLG,22.0,5.64,374.44,2.5
LGR,83.0,12.0,344.41,-1.1
LLQ,39.0,5.23,372.46,4.1
LQG,31.0,5.61,316.36,-0.1
QGD,13.0,3.41,318.29,-7.4
GDF,16.0,3.88,337.33,-1.1
DFG,11.0,4.32,337.33,-1.1
SIE,34.0,3.73,347.37,0.2
IET,22.0,4.09,361.4,0.3
ETR,24.0,8.2,404.42,-8.7
TRR,27.0,12.57,431.5,-9.7
RRP,29.0,12.57,427.51,-10.6
RPV,26.0,12.0,370.45,-1.9
PVL,83.0,5.44,327.42,6.4
EFA,27.0,4.6,365.39,1.1
ANR,12.0,12.0,359.39,-6.2
RFP,15.0,12.0,418.5,-3.3
FPA,16.0,5.78,333.39,3.0
PAT,52.0,5.21,287.32,-0.5
ELA,194.0,4.6,331.37,2.1
LAV,288.0,5.59,301.39,9.8
AVM,25.0,5.36,319.42,7.9
VMA,27.0,5.64,319.42,7.9
MAL,19.0,5.58,333.45,7.5
ALI,74.0,5.61,315.41,10.1
LII,21.0,5.6,357.49,12.8
IIA,39.0,5.65,315.41,10.8
IAV,96.0,5.58,301.39,10.5
GIG,80.0,5.6,245.28,3.7
IGI,32.0,5.6,301.39,8.6
IPL,17.0,5.59,341.45,6.7
PLG,42.0,5.45,285.34,1.8
LGY,13.0,6.48,351.4,2.1
WAA,25.0,5.68,346.39,2.7
AAR,411.0,12.0,316.36,-0.9
ARH,55.0,9.31,382.42,-5.9
HGR,24.0,12.0,368.4,-8.1
GRF,22.0,9.74,378.43,-2.1
FID,17.0,3.55,393.44,3.8
ISV,24.0,5.58,317.39,7.9
SVA,88.0,5.6,275.3,5.2
AGS,121.0,5.31,233.22,0.6
SLV,62.0,5.52,317.39,7.2
TIP,12.0,5.97,329.4,2.2
PVF,15.0,5.18,361.44,5.4
FLA,50.0,5.78,349.43,8.4
AFI,18.0,5.61,349.43,9.1
IFA,19.0,5.65,349.43,9.1
FAV,31.0,5.72,335.4,8.8
AVQ,37.0,5.24,316.36,2.5
VQL,27.0,5.58,358.44,4.5
QLG,57.0,5.54,316.36,-0.1
GWL,18.0,5.58,374.44,2.5
WLP,12.0,6.07,414.5,1.3
LPS,34.0,5.3,315.37,1.4
PST,23.0,5.21,303.32,-3.1
STG,43.0,5.55,263.25,-1.9
TGR,63.0,12.0,332.36,-5.6
GRQ,17.0,9.62,359.39,-8.4
DRG,23.0,6.1,346.34,-8.4
RGV,59.0,12.0,330.39,-0.7
VDA,190.0,3.88,303.32,2.5
ATH,11.0,5.51,327.34,-2.1
THV,10.0,6.77,355.39,0.3
VLD,94.0,3.45,345.4,4.5
LDG,111.0,3.9,303.32,-0.1
GLL,145.0,5.58,301.39,7.2
LLT,66.0,5.37,345.44,6.9
TGE,37.0,3.71,305.29,-4.6
GEL,94.0,4.08,317.34,-0.1
ELD,78.0,3.63,375.38,-3.2
LDA,215.0,3.9,317.34,2.1
DAS,97.0,4.32,291.26,-2.5
NAI,13.0,5.56,316.36,2.8
AIV,125.0,5.6,301.39,10.5
VHL,10.0,6.77,367.45,4.8
LLP,98.0,6.05,341.45,6.0
PAI,30.0,5.44,299.37,4.7
IAL,112.0,5.59,315.41,10.1
ATI,64.0,5.61,303.36,5.6
LAI,93.0,5.6,315.41,10.1
AII,31.0,5.61,315.41,10.8
IIV,18.0,5.58,343.47,13.2
IVR,31.0,12.0,386.49,4.2
VRI,38.0,9.98,386.49,4.2
RIT,21.0,12.0,388.47,-0.7
ITR,16.0,12.0,388.47,-0.7
TRA,51.0,10.04,346.39,-3.4
RAS,73.0,12.0,332.36,-3.5
ASV,116.0,5.6,275.3,5.2
SVL,56.0,5.54,317.39,7.2
LEV,32.0,4.09,359.42,4.5
VNA,30.0,5.64,302.33,2.5
NAD,13.0,3.44,318.29,-5.2
ADY,13.0,3.91,367.36,-3.0
DYV,25.0,4.32,395.41,-0.6
YVR,14.0,10.98,436.51,-1.6
VRT,37.0,9.76,374.44,-1.0
RTG,47.0,12.0,332.36,-5.6
GRA,120.0,10.04,302.33,-3.1
RAK,26.0,12.02,373.46,-6.6
AKG,23.0,8.65,274.32,-2.5
GIA,105.0,5.64,259.31,5.9
AQS,30.0,5.31,304.3,-2.5
QST,12.0,5.3,334.33,-5.0
STI,18.0,5.55,319.36,3.0
TIR,20.0,12.0,388.47,-0.7
RFV,22.0,12.0,420.51,2.5
VLR,105.0,12.0,386.49,3.5
RNA,19.0,12.0,359.39,-6.2
AML,40.0,5.6,333.45,7.5
MLP,13.0,6.02,359.48,4.1
LPV,67.0,5.59,327.42,6.4
VVT,65.0,5.36,317.39,7.7
VTT,39.0,5.36,319.36,2.8
TTI,24.0,5.52,333.38,3.1
IGL,59.0,5.59,301.39,7.9
GLQ,14.0,5.22,316.36,-0.1
AGL,240.0,5.6,259.31,5.2
LIS,23.0,5.3,331.41,7.5
ISG,21.0,5.61,275.3,3.3
SGA,126.0,5.6,233.22,0.6
GAV,209.0,5.58,245.28,5.6
AVL,306.0,5.6,301.39,9.8
VLT,59.0,5.36,331.41,7.3
TET,13.0,4.01,349.34,-4.9
ETV,28.0,4.6,347.37,0.0
FAF,17.0,5.47,383.45,7.4
AFP,19.0,6.06,333.39,3.0
IGA,93.0,5.65,259.31,5.9
GAF,50.0,5.33,293.32,4.2
AFL,48.0,5.6,349.43,8.4
LAG,246.0,5.61,259.31,5.2
GAI,62.0,5.59,259.31,5.9
AIF,13.0,5.36,349.43,9.1
FAR,36.0,12.0,392.46,0.1
ARD,86.0,4.11,360.37,-6.2
RDF,11.0,9.21,436.47,-5.2
DFP,11.0,4.32,377.4,-2.3
FPV,13.0,5.72,361.44,5.4
QGF,17.0,5.27,350.37,-1.1
VLF,41.0,5.32,377.48,10.8
LFI,10.0,5.6,391.51,11.1
YAL,17.0,8.58,365.43,4.3
NLL,18.0,5.55,358.44,4.1
LLV,189.0,5.59,343.47,11.8
VDI,14.0,3.88,345.4,5.2
DIS,13.0,4.32,333.34,0.2
IDP,36.0,3.9,343.38,-0.6
PRV,28.0,9.97,370.45,-1.9
RIQ,27.0,12.0,415.49,-3.5
MSA,24.0,5.63,307.36,2.9
AIP,19.0,6.06,299.37,4.7
TLP,38.0,5.97,329.4,1.5
LPT,31.0,5.37,329.4,1.5
PTP,20.0,5.88,313.35,-3.9
EGG,54.0,4.6,261.23,-4.3
GGD,47.0,3.46,247.21,-4.3
GDQ,11.0,3.88,318.29,-7.4
THA,12.0,6.82,327.34,-2.1
HAL,18.0,7.23,339.39,2.4
ALR,194.0,12.0,358.44,1.1
LRS,67.0,9.68,374.44,-1.5
RSG,51.0,12.0,318.33,-5.7
SGS,42.0,5.23,249.22,-2.0
GDV,69.0,3.88,289.29,0.3
DVF,24.0,4.32,379.41,3.5
FRR,12.0,12.57,477.57,-6.2
RRV,63.0,12.57,429.52,-4.8
VRK,10.0,11.36,401.51,-4.2
AAW,33.0,5.44,346.39,2.7
AWV,11.0,5.6,374.44,5.1
WVG,12.0,5.64,360.41,2.9
VGA,130.0,5.64,245.28,5.6
AVV,202.0,5.6,287.36,10.2
VVV,230.0,5.56,315.41,12.6
VLA,307.0,5.64,301.39,9.8
ILV,48.0,5.58,343.47,12.5
VAV,149.0,5.56,287.36,10.2
LAP,134.0,6.05,299.37,4.0
PGR,28.0,12.0,328.37,-6.5
GRE,46.0,4.44,360.37,-8.4
EYL,14.0,4.6,423.47,-1.0
YLR,22.0,10.98,450.54,-2.0
LRP,45.0,10.42,384.48,-2.3
RPT,18.0,12.0,372.42,-6.8
PTS,19.0,5.13,303.32,-3.1
TSL,29.0,5.51,319.36,2.3
IGE,32.0,3.77,317.34,0.6
GEI,44.0,4.08,317.34,0.6
EIP,11.0,4.6,357.41,-0.6
FPL,15.0,5.72,375.47,5.0
LGI,66.0,5.6,301.39,7.9
GID,36.0,3.46,303.32,0.6
DRF,24.0,5.83,436.47,-5.2
RFG,37.0,12.0,378.43,-2.1
FGG,43.0,5.74,279.3,2.0
DVV,84.0,4.32,331.37,4.9
VVS,49.0,5.27,303.36,7.6
WGA,15.0,5.68,332.36,0.5
GAQ,27.0,5.22,274.28,-2.1
QAS,28.0,5.22,304.3,-2.5
SLI,22.0,5.55,331.41,7.5
IIG,34.0,5.61,301.39,8.6
IGV,43.0,5.58,287.36,8.3
GVV,98.0,5.58,273.33,8.0
FFG,16.0,5.74,369.42,5.2
GGM,23.0,5.33,263.31,1.1
GMV,18.0,5.58,305.39,5.7
MVL,14.0,5.58,361.5,9.9
LGA,265.0,5.65,259.31,5.2
IAG,88.0,5.61,259.31,5.9
AFG,52.0,5.63,293.32,4.2
GWV,16.0,5.58,360.41,2.9
WVD,14.0,3.49,418.45,-0.2
VDT,25.0,3.88,333.34,0.0
DTL,36.0,4.32,347.37,-0.4
TLI,33.0,5.52,345.44,7.6
RIV,67.0,12.0,386.49,4.2
IVD,46.0,3.46,345.4,5.2
DIL,17.0,4.32,359.42,4.8
ILL,42.0,5.59,357.49,12.1
LLS,78.0,5.3,331.41,6.8
LSV,33.0,5.59,317.39,7.2
SVP,25.0,5.98,301.34,1.8
PHL,18.0,6.77,365.43,-1.0
AVS,65.0,5.31,275.3,5.2
VSI,26.0,5.59,317.39,7.9
SIA,66.0,5.6,289.33,5.5
AIL,82.0,5.6,315.41,10.1
ILG,36.0,5.61,301.39,7.9
GRT,54.0,9.76,332.36,-5.6
RTP,28.0,12.0,372.42,-6.8
TPL,43.0,5.51,329.4,1.5
MIA,12.0,5.63,333.45,8.2
IAI,55.0,5.6,315.41,10.8
AIG,112.0,5.63,259.31,5.9
GVA,151.0,5.64,245.28,5.6
AQI,13.0,5.61,330.38,2.8
IPI,18.0,5.6,341.45,7.4
ARL,155.0,9.98,358.44,1.1
LLR,91.0,12.0,400.52,3.1
RSS,27.0,12.0,348.36,-6.1
SML,18.0,5.54,349.45,4.9
LQQ,22.0,5.23,387.44,-3.2
QQR,10.0,12.0,430.46,-11.5
QRE,14.0,4.42,431.45,-11.5
RES,27.0,9.17,390.4,-8.8
LAA,833.0,5.65,273.33,7.4
ART,50.0,9.76,346.39,-3.4
RTL,40.0,12.0,388.47,-1.4
TLG,55.0,5.54,289.33,2.7
LGL,123.0,5.6,301.39,7.2
GLG,130.0,5.6,245.28,3.0
LGT,51.0,5.37,289.33,2.7
GRV,114.0,9.97,330.39,-0.7
VTM,10.0,5.33,349.45,5.4
SVG,38.0,5.55,261.28,3.0
GPV,54.0,5.58,271.32,2.2
PVI,35.0,5.44,327.42,7.1
IVQ,24.0,5.22,358.44,5.2
VQA,34.0,5.64,316.36,2.5
QAT,24.0,5.3,318.33,-2.4
ATL,132.0,5.6,303.36,4.9
TLT,28.0,5.3,333.38,2.4
LTL,52.0,5.6,345.44,6.9
ATA,208.0,5.66,261.28,2.9
TAV,116.0,5.5,289.33,5.3
AVI,56.0,5.61,301.39,10.5
IDA,77.0,3.9,317.34,2.8
LSF,18.0,5.35,365.43,5.8
SFL,14.0,5.54,365.43,5.8
FLG,18.0,5.74,335.4,6.2
LGG,120.0,5.61,245.28,3.0
GGG,101.0,5.6,189.17,-1.2
GRP,32.0,10.42,328.37,-6.5
RPE,26.0,8.04,400.43,-9.6
PET,29.0,3.92,345.35,-5.8
ETA,39.0,4.6,319.31,-2.4
TAE,48.0,3.71,319.31,-2.4
AEW,16.0,4.1,404.42,-2.6
WGR,12.0,12.0,417.47,-5.8
RML,28.0,12.0,418.55,1.2
MLT,21.0,5.35,363.47,5.0
TYA,15.0,5.58,353.38,-0.2
QAE,24.0,3.71,346.34,-5.2
IAP,55.0,6.05,299.37,4.7
APQ,19.0,5.24,314.34,-3.3
PQL,21.0,5.44,356.42,-1.3
FLP,12.0,6.17,375.47,5.0
GFT,12.0,5.36,323.35,1.7
FTL,18.0,5.72,379.46,5.9
TLL,70.0,5.51,345.44,6.9
LRE,94.0,4.44,416.48,-4.2
EAM,18.0,4.6,349.4,0.2
AMD,13.0,3.48,335.38,0.2
PRT,24.0,9.76,372.42,-6.8
RTR,29.0,12.62,431.5,-9.7
RKR,20.0,12.62,458.56,-12.9
MSD,12.0,3.45,351.37,-2.4
SDA,47.0,3.83,291.26,-2.5
DAK,16.0,7.13,332.36,-5.6
KKP,18.0,10.29,371.48,-9.4
KPL,14.0,10.06,356.47,-1.7
LLE,86.0,3.78,373.45,4.1
EVS,16.0,4.6,333.34,-0.1
VSG,55.0,5.6,261.28,3.0
GLK,13.0,9.9,316.4,-0.5
LKV,16.0,8.62,358.48,4.1
VEF,13.0,4.06,393.44,3.5
FTT,10.0,5.5,367.4,1.4
QDG,13.0,3.82,318.29,-7.4
VTA,64.0,5.64,289.33,5.3
AVH,31.0,5.51,325.37,2.8
VHE,16.0,4.42,383.4,-2.5
HEA,21.0,6.43,355.35,-4.9
EAS,31.0,4.6,305.29,-2.5
AGE,66.0,3.78,275.26,-2.1
ETL,48.0,4.6,361.4,-0.4
GES,31.0,4.08,291.26,-4.7
SGK,21.0,9.9,290.32,-5.1
GKS,18.0,8.33,290.32,-5.1
KST,13.0,10.06,334.37,-5.4
TTA,83.0,5.58,291.3,0.4
TAM,15.0,5.27,321.39,3.0
AMA,44.0,5.66,291.37,5.5
MAI,15.0,5.58,333.45,8.2
GNG,10.0,5.6,246.22,-4.3
NGR,14.0,12.0,345.36,-8.4
RVS,31.0,12.0,360.41,-1.1
VSA,85.0,5.64,275.3,5.2
SAG,69.0,5.55,233.22,0.6
GSI,46.0,5.59,275.3,3.3
GEE,24.0,3.66,333.3,-7.4
EEL,62.0,4.24,389.41,-3.2
ELV,94.0,4.6,359.42,4.5
ASE,40.0,3.78,305.29,-2.5
EST,19.0,4.6,335.31,-5.0
MRS,13.0,9.68,392.47,-3.4
RSI,22.0,12.0,374.44,-0.8
SIR,12.0,12.0,374.44,-0.8
IRG,15.0,10.0,344.41,-0.4
RGR,85.0,12.62,387.44,-9.4
GRR,76.0,12.57,387.44,-9.4
RRI,46.0,12.57,443.55,-4.5
RIG,52.0,12.0,344.41,-0.4
LVP,73.0,6.05,327.42,6.4
VPQ,11.0,5.21,342.4,-0.9
QDP,14.0,3.82,358.35,-8.6
SNL,17.0,5.54,332.36,-0.5
NPV,17.0,5.54,328.37,-0.9
VAR,127.0,12.0,344.41,1.5
ARI,65.0,9.98,358.44,1.8
IGS,34.0,5.3,275.3,3.3
SQV,16.0,5.52,332.36,-0.1
QVA,50.0,5.58,316.36,2.5
VAE,107.0,3.76,317.34,2.5
AET,60.0,4.1,319.31,-2.4
AHG,35.0,6.8,283.29,-1.8
HGL,21.0,7.23,325.37,0.2
GLA,220.0,5.64,259.31,5.2
LAD,162.0,3.48,317.34,2.1
ADR,110.0,7.85,360.37,-6.2
KDV,10.0,8.55,360.41,-3.2
DVD,50.0,3.53,347.33,-2.8
VDR,62.0,7.83,388.42,-3.8
RKV,11.0,12.0,401.51,-4.2
KVV,27.0,10.06,344.45,4.5
VVE,81.0,3.76,345.4,4.9
VET,26.0,4.08,347.37,0.0
TLE,53.0,3.71,361.4,-0.4
GLP,76.0,6.03,285.34,1.8
LPD,51.0,3.48,343.38,-1.3
PDA,103.0,3.73,301.3,-3.3
AKS,14.0,8.33,304.35,-2.9
SGG,62.0,5.55,219.2,-1.6
GMR,23.0,12.0,362.45,-3.0
RQR,25.0,12.62,458.52,-12.5
QRA,51.0,10.04,373.41,-6.2
LIA,122.0,5.65,315.41,10.1
RPA,57.0,12.0,342.4,-4.3
DEP,46.0,4.05,359.34,-8.6
EPT,34.0,4.6,345.35,-5.8
TSA,38.0,5.58,277.28,0.3
SAL,115.0,5.54,289.33,4.8
LDV,41.0,3.9,345.4,4.5
TVQ,20.0,5.16,346.38,0.0
VQR,29.0,12.0,401.47,-3.8
QRT,17.0,9.76,403.44,-8.7
ILD,33.0,3.46,359.42,4.8
LDQ,22.0,3.9,374.39,-3.2
DQI,13.0,4.32,374.39,-2.5
QIG,13.0,5.54,316.36,0.6
IGQ,17.0,5.22,316.36,0.6
TQE,12.0,3.71,376.37,-7.7
LIT,28.0,5.37,345.44,7.6
HDL,19.0,6.4,383.4,-2.9
DLG,47.0,4.32,303.32,-0.1
AQR,61.0,12.0,373.41,-6.2
QRV,38.0,9.97,401.47,-3.8
RVV,98.0,12.0,372.47,3.9
VVM,20.0,5.33,347.47,10.3
HRG,18.0,10.06,368.4,-8.1
VEQ,28.0,4.06,374.39,-2.8
QIL,14.0,5.51,372.46,4.8
ILE,14.0,3.77,373.45,4.8
ESP,10.0,4.6,331.33,-5.9
TQS,17.0,5.22,334.33,-5.0
QSL,21.0,5.51,346.38,-0.5
LVK,13.0,9.9,358.48,4.1
VKA,20.0,8.7,316.4,2.1
PSV,27.0,5.42,301.34,1.8
VAM,25.0,5.33,319.42,7.9
MAR,31.0,12.0,376.47,-0.8
RLR,129.0,12.62,443.55,-5.2
EDL,38.0,4.09,375.38,-3.2
DLI,32.0,4.32,359.42,4.8
HGG,21.0,7.26,269.26,-4.0
GGA,151.0,5.64,203.2,1.0
ADA,355.0,3.91,275.26,0.1
ASG,107.0,5.63,233.22,0.6
GTP,34.0,6.03,273.29,-2.7
TPD,22.0,3.41,331.33,-5.8
PDV,55.0,3.73,329.35,-0.9
DVI,20.0,4.32,345.4,5.2
IVE,44.0,3.77,359.42,5.2
EFE,13.0,3.95,423.42,-4.2
ENV,14.0,4.6,360.37,-2.8
HVR,17.0,12.0,410.48,-3.5
RRE,49.0,11.8,459.51,-12.5
REP,41.0,9.91,400.43,-9.6
KAV,16.0,10.06,316.4,2.1
AVD,87.0,3.48,303.32,2.5
VDD,60.0,3.35,347.33,-2.8
DVS,21.0,4.32,319.31,-0.1
VPR,23.0,12.0,370.45,-1.9
SIV,31.0,5.52,317.39,7.9
KTT,16.0,10.06,348.4,-5.3
TTT,25.0,5.3,321.33,-2.1
ARM,18.0,9.74,376.47,-0.8
MLL,27.0,5.58,375.53,9.5
LLK,12.0,9.9,372.51,3.7
LKA,21.0,8.7,330.43,1.7
AFE,27.0,3.78,365.39,1.1
FEP,18.0,4.21,391.42,-2.3
TSG,29.0,5.54,263.25,-1.9
RFE,25.0,8.04,450.49,-5.2
FAL,57.0,5.72,349.43,8.4
LSR,57.0,12.0,374.44,-1.5
SRE,25.0,4.42,390.4,-8.8
REE,23.0,4.66,432.43,-11.5
RVQ,18.0,12.0,401.47,-3.8
VQP,11.0,6.02,342.4,-0.9
QPV,17.0,5.5,342.4,-0.9
YSS,11.0,8.29,355.35,-2.9
SSL,33.0,5.54,305.33,2.2
TIE,36.0,3.71,361.4,0.3
RII,16.0,12.0,400.52,4.5
IIE,16.0,3.77,373.45,5.5
IEE,25.0,3.67,389.41,-2.5
EEP,19.0,4.24,373.36,-8.6
EPL,53.0,4.6,357.41,-1.3
PLS,36.0,5.13,315.37,1.4
GKG,15.0,8.65,260.29,-4.7
GSK,14.0,9.9,290.32,-5.1
SKR,16.0,12.0,389.46,-9.2
RER,82.0,12.0,459.51,-12.5
REQ,22.0,9.09,431.45,-11.5
EQR,24.0,8.2,431.45,-11.5
VRE,84.0,4.43,402.45,-3.8
REL,143.0,9.46,416.48,-4.2
LLD,97.0,3.48,359.42,4.1
DQV,14.0,4.32,360.37,-2.8
PTD,17.0,3.35,331.33,-5.8
RRY,11.0,11.81,493.57,-10.3
RYP,13.0,10.66,434.5,-7.4
PSE,21.0,3.63,331.33,-5.9
SEL,34.0,4.02,347.37,-0.5
LSG,72.0,5.61,275.3,2.6
GGQ,21.0,5.22,260.25,-4.3
GQR,27.0,12.0,359.39,-8.4
RVA,129.0,12.0,344.41,1.5
VAI,94.0,5.59,301.39,10.5
IAR,85.0,12.0,358.44,1.8
LSP,28.0,6.05,315.37,1.4
SPD,23.0,3.43,317.3,-5.9
PVS,30.0,5.13,301.34,1.8
LVQ,27.0,5.23,358.44,4.5
VQD,12.0,3.45,360.37,-2.8
ILR,27.0,12.0,400.52,3.8
LRL,111.0,9.98,400.52,3.1
LGD,87.0,3.48,303.32,-0.1
GDL,58.0,3.88,303.32,-0.1
LQR,25.0,12.0,415.49,-4.2
SYL,11.0,5.54,381.43,1.7
DLA,113.0,4.32,317.34,2.1
RLI,23.0,12.0,400.52,3.8
ISD,14.0,3.46,333.34,0.2
YVA,19.0,8.64,351.4,4.7
RLV,104.0,12.0,386.49,3.5
LVE,87.0,3.78,359.42,4.5
VEA,115.0,4.08,317.34,2.5
ATS,56.0,5.31,277.28,0.3
TSE,14.0,3.71,335.31,-5.0
NPR,12.0,12.0,385.42,-9.6
PRD,19.0,4.01,386.41,-9.6
KLL,16.0,10.06,372.51,3.7
LAS,125.0,5.3,289.33,4.8
ASI,54.0,5.61,289.33,5.5
SIP,10.0,5.98,315.37,2.1
IPG,24.0,5.61,285.34,2.5
GNE,11.0,3.77,318.29,-7.4
MRA,28.0,10.04,376.47,-0.8
RAV,127.0,12.0,344.41,1.5
LVR,89.0,12.0,386.49,3.5
REF,12.0,9.21,450.49,-5.2
EFG,13.0,4.6,351.36,-1.1
GPT,19.0,5.36,273.29,-2.7
TDG,28.0,3.82,291.26,-4.6
DGV,64.0,4.32,289.29,0.3
EIG,19.0,4.6,317.34,0.6
GEV,34.0,4.08,303.32,0.3
DAP,74.0,4.32,301.3,-3.3
APR,50.0,12.0,342.4,-4.3
EVI,20.0,4.6,359.42,5.2
VHA,42.0,6.82,325.37,2.8
HAA,47.0,7.29,297.31,0.4
AGM,37.0,5.36,277.34,3.3
PID,16.0,3.35,343.38,-0.6
IDF,10.0,3.9,393.44,3.8
KGA,22.0,10.06,274.32,-2.5
AAK,44.0,9.9,288.35,-0.3
AKA,54.0,8.7,288.35,-0.3
AVE,83.0,3.78,317.34,2.5
LPW,10.0,5.42,414.5,1.3
WVP,11.0,6.07,400.48,1.7
DVA,70.0,4.32,303.32,2.5
TVA,68.0,5.58,289.33,5.3
YEA,14.0,6.01,381.39,-3.0
AHD,16.0,4.1,341.32,-4.9
LQP,18.0,6.05,356.42,-1.3
QPG,16.0,5.54,300.31,-5.5
PGD,34.0,3.35,287.27,-5.5
GDA,79.0,3.88,261.23,-2.1
DAV,175.0,4.32,303.32,2.5
AVY,21.0,6.49,351.4,4.7
VYG,17.0,5.59,337.38,2.5
YGI,11.0,8.59,351.4,2.8
IAN,21.0,5.47,316.36,2.8
TRG,19.0,10.0,332.36,-5.6
YAE,20.0,4.3,381.39,-3.0
EQV,24.0,4.6,374.39,-2.8
QVV,24.0,5.5,344.41,4.9
VVP,43.0,6.02,313.4,6.8
VPS,28.0,5.27,301.34,1.8
KPE,10.0,7.15,372.42,-9.0
SFE,17.0,3.73,381.39,-1.5
AVP,84.0,6.06,285.34,4.4
CAA,11.0,7.86,263.31,6.1
WDA,13.0,3.92,390.4,-2.6
RIA,82.0,12.0,358.44,1.8
IAK,11.0,9.9,330.43,2.4
KAR,13.0,12.03,373.46,-6.6
RAG,134.0,12.0,302.33,-3.1
AGQ,31.0,5.24,274.28,-2.1
QRI,21.0,9.98,415.49,-3.5
RIL,41.0,12.0,400.52,3.8
ILI,21.0,5.6,357.49,12.8
IHA,15.0,6.82,339.39,3.1
HAG,18.0,7.26,283.29,-1.8
GAG,253.0,5.6,203.2,1.0
GGV,81.0,5.58,231.25,3.4
GVG,115.0,5.6,231.25,3.4
VGH,15.0,5.5,311.34,0.6
GAT,87.0,5.36,247.25,0.7
VAT,125.0,5.36,289.33,5.3
ATT,37.0,5.38,291.3,0.4
TTV,26.0,5.5,319.36,2.8
STR,29.0,12.0,362.39,-6.0
DFA,21.0,4.32,351.36,1.1
RSL,44.0,12.0,374.44,-1.5
SLG,40.0,5.55,275.3,2.6
VVD,75.0,3.45,331.37,4.9
VDY,17.0,3.88,395.41,-0.6
TQA,16.0,5.58,318.33,-2.4
QAR,46.0,12.0,373.41,-6.2
ARF,29.0,9.74,392.46,0.1
FED,11.0,3.49,409.4,-4.2
DAL,215.0,4.32,317.34,2.1
ALQ,39.0,5.24,330.38,2.1
QKV,12.0,8.62,373.45,-3.2
LIG,51.0,5.61,301.39,7.9
IGN,13.0,5.47,302.33,0.6
DDT,12.0,3.91,349.3,-7.7
DTG,24.0,4.32,291.26,-4.6
GTR,32.0,12.0,332.36,-5.6
TRS,32.0,9.68,362.39,-6.0
SLD,36.0,3.43,333.34,-0.5
GGL,79.0,5.58,245.28,3.0
GLY,17.0,6.47,351.4,2.1
LNV,13.0,5.59,344.41,4.5
GSW,14.0,5.41,348.36,-2.1
EYA,20.0,4.6,381.39,-3.0
YAA,45.0,8.64,323.35,2.3
ERG,94.0,6.22,360.37,-8.4
GLR,74.0,12.0,344.41,-1.1
LRA,188.0,10.04,358.44,1.1
ASS,38.0,5.31,263.25,0.2
SSV,30.0,5.52,291.3,2.6
VKV,14.0,8.62,344.45,4.5
VES,35.0,4.06,333.34,-0.1
DGS,65.0,4.32,277.23,-4.7
GSN,10.0,5.46,276.25,-4.7
NLG,23.0,5.58,302.33,-0.1
GII,27.0,5.59,301.39,8.6
IGR,39.0,12.0,344.41,-0.4
LID,29.0,3.48,359.42,4.8
DAG,98.0,4.32,261.23,-2.1
DVR,41.0,8.07,388.42,-3.8
RVE,35.0,8.04,402.45,-3.8
EVQ,14.0,4.6,374.39,-2.8
QHA,14.0,6.82,354.37,-4.9
AYP,11.0,6.05,349.39,-1.1
PLE,42.0,3.63,357.41,-1.3
LER,179.0,7.99,416.48,-4.2
RVH,17.0,12.0,410.48,-3.5
QGG,12.0,5.54,260.25,-4.3
GGH,18.0,5.51,269.26,-4.0
LVL,227.0,5.6,343.47,11.8
KVR,13.0,12.03,401.51,-4.2
GDG,56.0,3.88,247.21,-4.3
DGA,127.0,4.32,261.23,-2.1
TVG,57.0,5.54,275.3,3.1
VGT,62.0,5.36,275.3,3.1
TVP,23.0,5.97,315.37,1.9
VPP,41.0,6.02,311.38,1.0
HRR,12.0,12.57,467.53,-12.2
RRL,115.0,12.57,443.55,-5.2
RLD,60.0,7.82,402.45,-4.2
VVA,242.0,5.64,287.36,10.2
VVI,43.0,5.59,329.44,12.9
VIG,56.0,5.6,287.36,8.3
IGD,22.0,3.46,303.32,0.6
DAR,80.0,8.07,360.37,-6.2
RAM,25.0,12.0,376.47,-0.8
ERF,33.0,5.96,450.49,-5.2
RFL,19.0,12.0,434.54,2.1
IGF,13.0,5.33,335.4,6.9
LVV,178.0,5.59,329.44,12.2
AGI,91.0,5.61,259.31,5.9
GIL,38.0,5.58,301.39,7.9
VRD,49.0,4.09,388.42,-3.8
RDV,44.0,9.44,388.42,-3.8
TRL,30.0,9.98,388.47,-1.4
RLP,53.0,12.0,384.48,-2.3
LRR,143.0,12.57,443.55,-5.2
RRW,13.0,12.57,516.6,-9.9
RWA,15.0,12.0,431.49,-3.6
WAP,12.0,6.07,372.42,-0.7
AAS,194.0,5.31,247.25,2.8
ALF,57.0,5.36,349.43,8.4
FGF,14.0,5.47,369.42,5.2
FAA,87.0,5.78,307.35,6.4
GPD,35.0,3.46,287.27,-5.5
DAE,85.0,3.81,333.3,-5.2
ELR,89.0,8.2,416.48,-4.2
LRD,61.0,4.1,402.45,-4.2
RDW,11.0,9.28,475.5,-8.9
AHI,10.0,6.78,339.39,3.1
HIV,10.0,7.23,367.45,5.5
VAA,399.0,5.64,259.31,7.8
CTA,10.0,7.86,293.34,3.6
FAT,20.0,5.5,337.38,3.9
DDR,37.0,4.56,404.38,-11.5
RWV,14.0,12.0,459.55,-1.2
WVA,13.0,5.68,374.44,5.1
RLS,44.0,12.0,374.44,-1.5
LSI,24.0,5.6,331.41,7.5
ATG,106.0,5.63,247.25,0.7
TGG,52.0,5.54,233.22,-1.5
ISL,14.0,5.59,331.41,7.5
GGN,21.0,5.46,246.22,-4.3
GNT,14.0,5.36,290.28,-4.6
TDV,32.0,3.82,333.34,0.0
GST,46.0,5.36,263.25,-1.9
STL,52.0,5.54,319.36,2.3
LEF,17.0,4.09,407.47,3.1
EFV,15.0,4.6,393.44,3.5
FVA,34.0,5.78,335.4,8.8
GVL,119.0,5.58,287.36,7.6
VLW,16.0,5.4,416.52,7.1
LWL,18.0,5.6,430.55,6.7
WLV,24.0,5.61,416.52,7.1
VHS,10.0,6.47,341.37,0.2
HSL,11.0,7.23,355.39,-0.2
RRA,194.0,12.57,401.47,-7.2
RAD,81.0,7.82,360.37,-6.2
GSP,47.0,6.03,259.26,-2.8
SPA,53.0,5.6,273.29,-0.6
TGQ,12.0,5.16,304.3,-4.6
AIH,11.0,5.51,339.39,3.1
LGS,48.0,5.3,275.3,2.6
SDS,10.0,3.83,307.26,-5.1
DSS,13.0,4.32,307.26,-5.1
SSA,43.0,5.6,263.25,0.2
SAM,11.0,5.3,307.36,2.9
AMR,28.0,12.0,376.47,-0.8
MRD,12.0,4.09,420.48,-6.1
RDY,12.0,9.57,452.47,-9.3
YLA,20.0,8.64,365.43,4.3
PPG,16.0,5.45,269.3,-3.6
GVR,61.0,12.0,330.39,-0.7
RVL,91.0,12.0,386.49,3.5
APD,73.0,3.48,301.3,-3.3
PDL,37.0,3.73,343.38,-1.3
DLR,48.0,8.07,402.45,-4.2
RAH,24.0,12.0,382.42,-5.9
HGA,32.0,7.29,283.29,-1.8
GAN,13.0,5.46,260.25,-2.1
PRI,15.0,9.98,384.48,-1.6
GEP,58.0,4.08,301.3,-5.5
AEV,105.0,4.1,317.34,2.5
VGD,60.0,3.45,289.29,0.3
GVS,43.0,5.28,261.28,3.0
SGR,42.0,12.0,318.33,-5.7
PLD,31.0,3.35,343.38,-1.3
DRV,79.0,6.07,388.42,-3.8
VRP,40.0,10.42,370.45,-1.9
PAN,10.0,5.31,300.31,-3.3
ANL,20.0,5.6,316.36,2.1
NLA,19.0,5.61,316.36,2.1
AVF,38.0,5.36,335.4,8.8
VFP,15.0,6.02,361.44,5.4
RPR,36.0,12.62,427.51,-10.6
PRR,40.0,12.57,427.51,-10.6
LHR,18.0,12.0,424.5,-3.9
HRS,12.0,9.85,398.42,-8.5
GAW,19.0,5.41,332.36,0.5
AWR,29.0,12.0,431.49,-3.6
WRA,40.0,10.04,431.49,-3.6
RAI,59.0,12.0,358.44,1.8
AHE,23.0,4.43,355.35,-4.9
HAR,18.0,12.0,382.42,-5.9
ARG,100.0,10.0,302.33,-3.1
GLE,55.0,3.77,317.34,-0.1
EAQ,21.0,4.6,346.34,-5.2
AQL,81.0,5.6,330.38,2.1
QLT,26.0,5.3,360.41,-0.4
LTQ,15.0,5.23,360.41,-0.4
QPL,15.0,5.51,356.42,-1.3
ERR,86.0,11.8,459.51,-12.5
RIR,36.0,12.62,443.55,-4.5
IRL,24.0,9.98,400.52,3.8
LEI,28.0,4.09,373.45,4.8
IPR,17.0,12.0,384.48,-1.6
AAY,35.0,6.49,323.35,2.3
RPG,56.0,12.0,328.37,-6.5
PGE,30.0,3.63,301.3,-5.5
LRI,25.0,9.98,400.52,3.8
RIP,19.0,12.0,384.48,-1.6
IPA,36.0,5.65,299.37,4.7
APT,76.0,5.38,287.32,-0.5
PTV,44.0,5.42,315.37,1.9
TVV,62.0,5.5,317.39,7.7
SER,40.0,7.98,390.4,-8.8
ERD,37.0,4.21,418.41,-11.5
DPV,34.0,4.32,329.35,-0.9
PVH,11.0,5.5,351.41,-0.6
VHP,17.0,7.22,351.41,-0.6
HPL,21.0,7.23,365.43,-1.0
PLH,10.0,5.5,365.43,-1.0
LHV,14.0,6.77,367.45,4.8
HVA,26.0,7.29,325.37,2.8
EAW,17.0,4.6,404.42,-2.6
RDE,52.0,4.53,418.41,-11.5
GAR,117.0,12.0,302.33,-3.1
MLV,27.0,5.56,361.5,9.9
VSP,28.0,6.02,301.34,1.8
RDD,40.0,4.23,404.38,-11.5
DDG,45.0,3.91,305.24,-7.4
AAM,41.0,5.36,291.37,5.5
FRE,12.0,4.51,450.49,-5.2
FLV,22.0,5.72,377.48,10.8
GIR,28.0,12.0,344.41,-0.4
LQL,29.0,5.6,372.46,4.1
QLD,17.0,3.41,374.39,-3.2
LDI,12.0,3.9,359.42,4.8
FGD,17.0,3.55,337.33,-1.1
RLA,258.0,12.0,358.44,1.1
ASH,14.0,5.51,313.31,-2.2
TSR,20.0,12.0,362.39,-6.0
SRI,20.0,9.98,374.44,-0.8
ILA,41.0,5.65,315.41,10.1
LAY,20.0,6.48,365.43,4.3
SSD,22.0,3.43,307.26,-5.1
SDR,20.0,7.83,376.37,-8.8
DRI,49.0,6.08,402.45,-3.5
IAW,16.0,5.41,388.47,5.4
AWL,29.0,5.6,388.47,4.7
WLR,16.0,12.0,473.58,-1.6
RAR,119.0,12.62,401.47,-7.2
TDA,59.0,3.82,305.29,-2.4
LST,38.0,5.37,319.36,2.3
TQR,14.0,12.0,403.44,-8.7
QRS,14.0,9.68,389.41,-8.8
SIT,12.0,5.32,319.36,3.0
SLR,34.0,12.0,374.44,-1.5
LRG,84.0,10.0,344.41,-1.1
RGF,18.0,12.0,378.43,-2.1
GFS,14.0,5.28,309.32,1.6
SGN,11.0,5.41,276.25,-4.7
HIA,11.0,7.29,339.39,3.1
ARW,19.0,9.81,431.49,-3.6
VHD,12.0,4.09,369.38,-2.5
SLL,75.0,5.54,331.41,6.8
PSD,11.0,3.35,317.3,-5.9
PDR,31.0,7.8,386.41,-9.6
DRR,27.0,11.8,445.48,-12.5
RRH,24.0,12.57,467.53,-12.2
RHL,14.0,12.0,424.5,-3.9
HLA,28.0,7.29,339.39,2.4
VSD,20.0,3.45,319.31,-0.1
SDD,19.0,3.32,335.27,-7.8
GSV,56.0,5.58,261.28,3.0
AEI,45.0,4.1,331.37,2.8
TTS,18.0,5.22,307.3,-2.2
LRQ,16.0,9.62,415.49,-4.2
GAE,89.0,3.77,275.26,-2.1
ERT,54.0,5.98,404.42,-8.7
LFV,25.0,5.59,377.48,10.8
EQH,10.0,4.97,412.4,-10.2
QHV,13.0,6.77,382.42,-2.5
HVD,16.0,5.11,369.38,-2.5
VPV,60.0,5.56,313.4,6.8
GPP,11.0,6.03,269.3,-3.6
PPR,17.0,12.0,368.44,-7.7
VER,88.0,7.99,402.45,-3.8
DED,35.0,3.46,377.31,-10.5
EDE,11.0,3.73,391.33,-10.5
DEI,28.0,4.05,375.38,-2.5
IAM,17.0,5.35,333.45,8.2
DRA,89.0,6.13,360.37,-6.2
DQL,27.0,4.32,374.39,-3.2
QLL,34.0,5.51,372.46,4.1
DLD,38.0,3.53,361.35,-3.2
AAD,213.0,3.48,275.26,0.1
DAF,45.0,4.32,351.36,1.1
VLH,28.0,5.5,367.45,4.8
LHG,19.0,6.8,325.37,0.2
TFA,24.0,5.58,337.38,3.9
FAI,19.0,5.73,349.43,9.1
DER,44.0,4.69,418.41,-11.5
RRF,25.0,12.57,477.57,-6.2
RFA,47.0,12.0,392.46,0.1
IGT,26.0,5.37,289.33,3.4
GTN,10.0,5.46,290.28,-4.6
STP,19.0,5.98,303.32,-3.1
PEH,14.0,4.69,381.39,-8.3
EHA,33.0,5.52,355.35,-4.9
AAQ,91.0,5.24,288.3,0.1
QQA,25.0,5.58,345.36,-5.2
WLA,33.0,5.68,388.47,4.7
ADL,117.0,3.91,317.34,2.1
RTD,24.0,7.82,390.4,-8.7
VPE,37.0,3.76,343.38,-0.9
PEP,27.0,3.92,341.36,-6.7
DGR,67.0,8.07,346.34,-8.4
GRW,10.0,9.81,417.47,-5.8
RWS,11.0,12.0,447.49,-6.2
SVE,23.0,3.73,333.34,-0.1
VDS,21.0,3.88,319.31,-0.1
DSP,25.0,4.32,317.3,-5.9
RSV,43.0,12.0,360.41,-1.1
VTI,30.0,5.59,331.41,8.0
TIA,52.0,5.58,303.36,5.6
WLE,15.0,3.8,446.5,-0.6
LEG,82.0,4.09,317.34,-0.1
EGQ,13.0,4.6,332.31,-7.4
GQD,10.0,3.46,318.29,-7.4
QDA,13.0,3.82,332.31,-5.2
DEE,12.0,3.71,391.33,-10.5
ESA,41.0,4.6,305.29,-2.5
SAR,61.0,12.0,332.36,-3.5
RLH,21.0,12.0,424.5,-3.9
HAE,24.0,5.33,355.35,-4.9
ERW,14.0,6.02,489.53,-8.9
RWR,12.0,12.62,516.6,-9.9
RPP,13.0,12.0,368.44,-7.7
PPE,19.0,3.63,341.36,-6.7
GSS,41.0,5.28,249.22,-2.0
LPR,42.0,12.0,384.48,-2.3
PRL,45.0,9.98,384.48,-2.3
PLF,16.0,5.18,375.47,5.0
DAD,67.0,3.53,319.27,-5.2
DLL,56.0,4.32,359.42,4.1
LSD,32.0,3.48,333.34,-0.5
APG,77.0,5.63,243.26,-0.2
PGL,43.0,5.44,285.34,1.8
LEP,60.0,4.09,357.41,-1.3
EPR,39.0,8.2,400.43,-9.6
PRE,25.0,4.38,400.43,-9.6
ERS,38.0,5.91,390.4,-8.8
ERL,151.0,6.2,416.48,-4.2
RGA,97.0,12.0,302.33,-3.1
HAD,22.0,5.11,341.32,-4.9
DLH,13.0,4.83,383.4,-2.9
GNL,12.0,5.58,302.33,-0.1
VFD,25.0,3.45,379.41,3.5
DFD,22.0,3.53,395.37,-4.2
FDD,23.0,3.43,395.37,-4.2
LDL,84.0,3.9,359.42,4.1
AIS,42.0,5.31,289.33,5.5
ISA,39.0,5.65,289.33,5.5
SAF,22.0,5.28,323.35,3.8
RGG,38.0,12.0,288.31,-5.3
GDP,45.0,3.88,287.27,-5.5
PER,43.0,7.97,400.43,-9.6
AGY,25.0,6.49,309.32,0.1
GYA,24.0,5.64,309.32,0.1
ADF,17.0,3.91,351.36,1.1
FEA,21.0,4.21,365.39,1.1
RQL,51.0,12.0,415.49,-4.2
LAN,25.0,5.47,316.36,2.1
ANA,39.0,5.66,274.28,0.1
SST,20.0,5.32,293.28,-2.3
STA,48.0,5.6,277.28,0.3
TAS,46.0,5.22,277.28,0.3
RTS,22.0,12.0,362.39,-6.0
SIG,40.0,5.55,275.3,3.3
RLE,68.0,8.04,416.48,-4.2
LEH,32.0,4.72,397.43,-2.9
TGA,136.0,5.58,247.25,0.7
AFS,19.0,5.31,323.35,3.8
SRV,34.0,9.97,360.41,-1.1
MGG,16.0,5.59,263.31,1.1
GMT,14.0,5.36,307.36,0.8
MTD,11.0,3.45,365.4,-2.3
TDT,16.0,3.82,335.31,-4.9
TAQ,14.0,5.16,318.33,-2.4
KLR,17.0,12.03,415.54,-4.6
AQP,20.0,6.06,314.34,-3.3
RLT,49.0,12.0,388.47,-1.4
SPI,13.0,5.55,315.37,2.1
IVV,61.0,5.58,329.44,12.9
EQS,12.0,4.6,362.34,-7.8
AMG,23.0,5.63,277.34,3.3
MGL,14.0,5.58,319.42,5.3
GWD,12.0,3.46,376.37,-4.8
RTA,65.0,12.0,346.39,-3.4
ANG,25.0,5.63,260.25,-2.1
AVR,149.0,12.0,344.41,1.5
FRP,11.0,10.42,418.5,-3.3
RPD,43.0,7.82,386.41,-9.6
QRL,36.0,9.98,415.49,-4.2
RSA,86.0,12.0,332.36,-3.5
GFD,49.0,3.46,337.33,-1.1
FDV,19.0,4.02,379.41,3.5
DVP,31.0,4.32,329.35,-0.9
LFL,26.0,5.6,391.51,10.4
TAK,12.0,9.9,318.37,-2.8
DSL,11.0,4.32,333.34,-0.5
LDD,62.0,3.35,361.35,-3.2
TAG,70.0,5.54,247.25,0.7
GDD,38.0,3.35,305.24,-7.4
PFG,24.0,5.45,319.36,0.8
LIR,15.0,12.0,400.52,3.8
IRR,32.0,12.57,443.55,-4.5
RRT,30.0,12.57,431.5,-9.7
AEE,40.0,3.68,347.33,-5.2
ESS,20.0,4.6,321.29,-5.1
LWV,16.0,5.59,416.52,7.1
EDS,11.0,4.09,349.3,-7.8
EVR,55.0,8.2,402.45,-3.8
VRR,69.0,12.57,429.52,-4.8
RRG,64.0,12.57,387.44,-9.4
GGK,10.0,9.9,260.29,-4.7
IDL,28.0,3.9,359.42,4.8
DLT,20.0,4.32,347.37,-0.4
FEL,24.0,4.21,407.47,3.1
LRY,10.0,9.59,450.54,-2.0
RYL,23.0,10.64,450.54,-2.0
LMR,15.0,12.0,418.55,1.2
VLS,56.0,5.27,317.39,7.2
LSK,11.0,9.9,346.43,-0.9
LRK,13.0,11.36,415.54,-4.6
IDT,22.0,3.9,347.37,0.3
TVR,51.0,12.0,374.44,-1.0
VGY,14.0,6.45,337.38,2.5
QLR,34.0,12.0,415.49,-4.2
QSA,14.0,5.58,304.3,-2.5
SAP,126.0,5.98,273.29,-0.6
NPS,10.0,5.24,316.31,-5.9
RRR,109.0,12.85,486.58,-13.5
LFA,59.0,5.65,349.43,8.4
MRV,13.0,9.97,404.53,1.6
TRI,17.0,9.98,388.47,-0.7
RID,25.0,7.82,402.45,-3.5
IDE,29.0,3.58,375.38,-2.5
TSV,41.0,5.5,305.33,2.7
SVS,33.0,5.23,291.3,2.6
VSV,34.0,5.56,303.36,7.6
ERP,49.0,6.65,400.43,-9.6
TVD,35.0,3.41,333.34,0.0
PSA,48.0,5.49,273.29,-0.6
SAT,42.0,5.32,277.28,0.3
TPT,19.0,5.3,317.34,-3.0
QSG,14.0,5.54,290.28,-4.7
SGQ,14.0,5.17,290.28,-4.7
GQL,51.0,5.58,316.36,-0.1
QRF,13.0,9.74,449.51,-5.2
DQR,11.0,8.07,417.42,-11.5
EAE,99.0,3.95,347.33,-5.2
ETD,15.0,3.63,363.32,-7.7
SYG,13.0,5.55,325.32,-2.5
GSY,13.0,6.47,325.32,-2.5
SYR,10.0,10.64,424.46,-6.6
RTV,50.0,12.0,374.44,-1.0
ATQ,19.0,5.24,318.33,-2.4
QVG,12.0,5.54,302.33,0.3
VGQ,22.0,5.21,302.33,0.3
QVR,17.0,12.0,401.47,-3.8
VGL,118.0,5.58,287.36,7.6
LSM,12.0,5.36,349.45,4.9
SMA,11.0,5.6,307.36,2.9
MAE,26.0,3.76,349.4,0.2
QTL,14.0,5.51,360.41,-0.4
AFV,38.0,5.6,335.4,8.8
FVI,13.0,5.73,377.48,11.5
VIA,67.0,5.64,301.39,10.5
ADS,23.0,3.91,291.26,-2.5
DSI,13.0,4.32,333.34,0.2
SII,15.0,5.55,331.41,8.2
IIR,20.0,12.0,400.52,4.5
PLT,24.0,5.21,329.4,1.5
VIS,10.0,5.27,317.39,7.9
IST,13.0,5.37,319.36,3.0
QLP,23.0,5.97,356.42,-1.3
LPL,75.0,5.6,341.45,6.0
DAQ,24.0,4.32,332.31,-5.2
IED,18.0,3.41,375.38,-2.5
EDP,17.0,4.09,359.34,-8.6
MLA,51.0,5.63,333.45,7.5
QEA,25.0,4.01,346.34,-5.2
AFD,30.0,3.48,351.36,1.1
AMS,13.0,5.31,307.36,2.9
MSE,11.0,3.76,365.4,-2.4
SHE,10.0,4.41,371.35,-7.5
HEL,11.0,6.41,397.43,-2.9
RGY,15.0,10.72,394.43,-6.2
PDS,20.0,3.73,317.3,-5.9
DSR,15.0,8.07,376.37,-8.8
SLE,46.0,3.73,347.37,-0.5
RRM,18.0,12.57,461.58,-7.1
DDL,40.0,3.91,361.35,-3.2
DEG,32.0,4.05,319.27,-7.4
EGR,61.0,8.2,360.37,-8.4
RAE,109.0,8.04,374.4,-6.2
DLS,39.0,4.32,333.34,-0.5
QAA,83.0,5.58,288.3,0.1
AGP,58.0,6.06,243.26,-0.2
PIS,13.0,5.13,315.37,2.1
LML,37.0,5.6,375.53,9.5
PEE,21.0,3.54,373.36,-8.6
RLQ,20.0,12.0,415.49,-4.2
QQV,12.0,5.5,373.41,-2.8
VAN,21.0,5.46,302.33,2.5
NAR,11.0,12.0,359.39,-6.2
VHT,11.0,6.55,355.39,0.3
TAI,46.0,5.52,303.36,5.6
IDV,25.0,3.9,345.4,5.2
VTL,52.0,5.58,331.41,7.3
TLR,33.0,12.0,388.47,-1.4
RTE,15.0,8.04,404.42,-8.7
TEP,27.0,4.01,345.35,-5.8
RGD,30.0,7.82,346.34,-8.4
GDR,69.0,7.85,346.34,-8.4
RSR,67.0,12.62,417.47,-9.8
SRS,22.0,9.68,348.36,-6.1
SSG,43.0,5.55,249.22,-2.0
DAH,20.0,4.83,341.32,-4.9
ESR,23.0,8.2,390.4,-8.8
TAF,30.0,5.27,337.38,3.9
FTV,13.0,5.72,365.43,6.3
EPA,60.0,4.6,315.33,-3.3
RDA,92.0,9.52,360.37,-6.2
FET,13.0,4.21,395.41,-1.4
ETS,25.0,4.6,335.31,-5.0
SNA,12.0,5.6,290.28,-2.5
NAV,24.0,5.54,302.33,2.5
YRG,13.0,10.09,394.43,-6.2
KTL,12.0,10.06,360.45,-0.8
RRS,38.0,12.57,417.47,-9.8
HAT,13.0,7.04,327.34,-2.1
ATY,12.0,6.49,353.38,-0.2
YAV,31.0,8.58,351.4,4.7
VVK,17.0,9.9,344.45,4.5
KAG,23.0,10.06,274.32,-2.5
GPS,22.0,5.28,259.26,-2.8
SAI,30.0,5.55,289.33,5.5
IAF,18.0,5.33,349.43,9.1
VHG,20.0,6.8,311.34,0.6
HGD,12.0,5.11,327.3,-7.1
VAK,21.0,9.9,316.4,2.1
AKE,18.0,4.44,346.38,-5.6
KEL,12.0,8.57,388.46,-3.6
RAF,28.0,12.0,392.46,0.1
GFF,13.0,5.33,369.42,5.2
FFD,10.0,3.55,427.46,2.1
FDG,28.0,4.02,337.33,-1.1
GNP,14.0,6.03,286.29,-5.5
NPL,18.0,5.55,342.4,-1.3
STD,18.0,3.43,321.29,-5.0
KLA,22.0,10.06,330.43,1.7
DLE,47.0,3.81,375.38,-3.2
REV,46.0,9.44,402.45,-3.8
EVL,66.0,4.6,359.42,4.5
LAK,33.0,9.9,330.43,1.7
AKL,24.0,8.62,330.43,1.7
NAP,11.0,6.0,300.31,-3.3
LAQ,61.0,5.23,330.38,2.1
LRV,73.0,9.97,386.49,3.5
RVK,10.0,12.02,401.51,-4.2
KLS,12.0,10.06,346.43,-0.9
STE,21.0,3.73,335.31,-5.0
TEE,18.0,3.6,377.35,-7.7
LEQ,29.0,4.09,388.42,-3.2
EQF,13.0,4.6,422.44,-4.2
SEF,13.0,4.02,381.39,-1.5
FVK,10.0,9.9,392.5,3.1
EET,11.0,4.24,377.35,-7.7
TFE,12.0,3.71,395.41,-1.4
EVT,28.0,4.6,347.37,0.0
APV,119.0,5.6,285.34,4.4
EEE,21.0,3.82,405.36,-10.5
LTS,31.0,5.3,319.36,2.3
EAK,12.0,7.26,346.38,-5.6
KAL,29.0,10.06,330.43,1.7
VDG,82.0,3.88,289.29,0.3
GAP,92.0,6.03,243.26,-0.2
NVL,24.0,5.55,344.41,4.5
EKA,19.0,6.26,346.38,-5.6
RAP,48.0,12.0,342.4,-4.3
EIE,24.0,3.95,389.41,-2.5
LPP,18.0,6.05,325.41,0.6
PPI,10.0,5.44,325.41,1.3
REI,34.0,9.47,416.48,-3.5
EIL,20.0,4.6,373.45,4.8
DDA,89.0,3.91,319.27,-5.2
ARP,52.0,10.42,342.4,-4.3
RPI,18.0,12.0,384.48,-1.6
PIP,20.0,5.88,325.41,1.3
GSR,47.0,12.0,318.33,-5.7
SRW,10.0,9.81,447.49,-6.2
RWG,23.0,12.0,417.47,-5.8
WGL,14.0,5.63,374.44,2.5
DAY,22.0,4.32,367.36,-3.0
YGV,15.0,8.58,337.38,2.5
ERY,17.0,7.07,466.49,-9.3
RYA,27.0,10.64,408.46,-4.0
VAH,20.0,5.5,325.37,2.8
AHV,22.0,6.77,325.37,2.8
HVL,31.0,7.23,367.45,4.8
ATR,43.0,12.0,346.39,-3.4
EER,30.0,4.86,432.43,-11.5
RGE,79.0,8.04,360.37,-8.4
LAW,22.0,5.42,388.47,4.7
AWT,15.0,5.38,376.41,0.2
TDF,12.0,3.82,381.39,-1.4
GRD,36.0,4.1,346.34,-8.4
VPD,22.0,3.45,329.35,-0.9
API,21.0,5.61,299.37,4.7
AES,63.0,4.1,305.29,-2.5
ESF,14.0,4.6,381.39,-1.5
SFV,12.0,5.52,351.4,6.2
FVD,13.0,3.55,379.41,3.5
NAS,19.0,5.24,290.28,-2.5
VPN,11.0,5.46,328.37,-0.9
FAP,27.0,6.17,333.39,3.0
APH,11.0,5.51,323.35,-3.0
RGQ,21.0,12.0,359.39,-8.4
GQI,10.0,5.59,316.36,0.6
LTI,20.0,5.6,345.44,7.6
VLI,53.0,5.59,343.47,12.5
LIV,69.0,5.59,343.47,12.5
PPL,17.0,5.44,325.41,0.6
RVF,25.0,12.0,420.51,2.5
LFP,13.0,6.05,375.47,5.0
SGP,31.0,5.98,259.26,-2.8
LLW,12.0,5.42,430.55,6.7
WVL,18.0,5.63,416.52,7.1
GVM,13.0,5.33,305.39,5.7
VMV,20.0,5.56,347.47,10.3
MVA,23.0,5.63,319.42,7.9
ALW,22.0,5.44,388.47,4.7
VSS,27.0,5.27,291.3,2.6
ITS,14.0,5.3,319.36,3.0
GNR,11.0,12.0,345.36,-8.4
VMG,26.0,5.6,305.39,5.7
LFD,13.0,3.48,393.44,3.1
LQS,16.0,5.3,346.38,-0.5
AFF,16.0,5.36,383.45,7.4
TRT,23.0,9.76,376.41,-5.9
RTK,12.0,12.02,403.48,-9.1
TGV,56.0,5.5,275.3,3.1
GVI,42.0,5.59,287.36,8.3
QSR,15.0,12.0,389.41,-8.8
SRL,43.0,9.98,374.44,-1.5
NDV,10.0,3.86,346.34,-2.8
NTV,10.0,5.54,332.36,0.0
VVG,129.0,5.6,273.33,8.0
TVI,22.0,5.52,331.41,8.0
MLI,11.0,5.58,375.53,10.2
LIL,47.0,5.6,357.49,12.1
ILS,16.0,5.3,331.41,7.5
MAV,22.0,5.56,319.42,7.9
LTP,33.0,6.05,329.4,1.5
QRR,28.0,12.57,458.52,-12.5
RVG,44.0,12.0,330.39,-0.7
IAT,36.0,5.37,303.36,5.6
TQT,11.0,5.3,348.36,-4.9
EMT,10.0,4.6,379.43,-2.3
MTA,25.0,5.63,321.39,3.0
AIT,42.0,5.38,303.36,5.6
ITQ,10.0,5.22,360.41,0.3
SGI,24.0,5.55,275.3,3.3
FGR,20.0,12.0,378.43,-2.1
DES,15.0,4.05,349.3,-7.8
SRR,29.0,12.57,417.47,-9.8
DRQ,15.0,5.72,417.42,-11.5
RQV,18.0,12.0,401.47,-3.8
LQV,16.0,5.59,358.44,4.5
MSG,12.0,5.59,293.34,0.7
GQT,22.0,5.36,304.3,-4.6
FFA,22.0,5.78,383.45,7.4
PAV,59.0,5.42,285.34,4.4
VYV,10.0,5.56,379.46,7.1
GYL,24.0,5.58,351.4,2.1
GDT,12.0,3.88,291.26,-4.6
TGI,32.0,5.52,289.33,3.4
GTL,58.0,5.58,289.33,2.7
TLV,72.0,5.5,331.41,7.3
VAF,33.0,5.32,335.4,8.8
LLM,11.0,5.36,375.53,9.5
MPL,22.0,5.58,359.48,4.1
PLM,12.0,5.19,359.48,4.1
LQT,16.0,5.37,360.41,-0.4
ITP,10.0,6.05,329.4,2.2
PIE,20.0,3.63,357.41,-0.6
IEP,25.0,4.09,357.41,-0.6
EVE,39.0,3.95,375.38,-2.8
EFD,10.0,3.63,409.4,-4.2
VRF,32.0,9.74,420.51,2.5
TLD,40.0,3.41,347.37,-0.4
DGI,33.0,4.32,303.32,0.6
GIS,23.0,5.28,275.3,3.3
GTF,24.0,5.33,323.35,1.7
AAF,58.0,5.36,307.35,6.4
IGY,12.0,6.47,351.4,2.8
YLL,11.0,8.58,407.51,6.3
HEV,11.0,6.4,383.4,-2.5
EID,22.0,3.63,375.38,-2.5
LTD,37.0,3.48,347.37,-0.4
GIV,68.0,5.58,287.36,8.3
IVS,27.0,5.3,317.39,7.9
VSQ,14.0,5.21,332.36,-0.1
EPY,12.0,4.6,407.42,-6.4
PYL,11.0,5.42,391.47,0.9
HAS,17.0,6.97,313.31,-2.2
IAE,66.0,3.77,331.37,2.8
AEN,12.0,4.1,332.31,-5.2
ENL,11.0,4.6,374.39,-3.2
NLR,12.0,12.0,401.47,-4.2
AKP,12.0,9.08,314.38,-3.7
YDT,12.0,5.55,397.38,-5.5
DTI,17.0,4.32,347.37,0.3
FPD,32.0,3.55,377.4,-2.3
PDG,42.0,3.73,287.27,-5.5
TIV,47.0,5.5,331.41,8.0
GYR,13.0,10.64,394.43,-6.2
YRL,14.0,10.09,450.54,-2.0
GGE,51.0,3.77,261.23,-4.3
GEK,13.0,7.06,332.36,-7.8
KQR,12.0,12.03,430.51,-11.9
EAT,44.0,4.6,319.31,-2.4
LDT,28.0,3.9,347.37,-0.4
DTV,16.0,4.32,333.34,0.0
VSE,24.0,3.76,333.34,-0.1
VVQ,26.0,5.21,344.41,4.9
RTT,26.0,12.0,376.41,-5.9
TTL,46.0,5.51,333.38,2.4
AHR,20.0,12.0,382.42,-5.9
HRL,25.0,10.04,424.5,-3.9
RHA,20.0,12.0,382.42,-5.9
ADV,94.0,3.91,303.32,2.5
VIF,12.0,5.32,377.48,11.5
GTH,10.0,5.51,313.31,-4.3
GGT,58.0,5.36,233.22,-1.5
MDA,15.0,3.87,335.38,0.2
IGP,28.0,6.05,285.34,2.5
PRQ,18.0,9.62,399.45,-9.6
WRI,11.0,9.98,473.58,-0.9
SHA,12.0,6.82,313.31,-2.2
DIG,11.0,4.32,303.32,0.6
IGG,58.0,5.61,245.28,3.7
HDA,24.0,6.41,341.32,-4.9
IWA,12.0,5.65,388.47,5.4
EGI,22.0,4.6,317.34,0.6
GIE,36.0,3.77,317.34,0.6
NGL,16.0,5.55,302.33,-0.1
LGC,19.0,5.77,291.37,5.9
GCR,13.0,9.87,334.39,-2.4
YAD,22.0,3.82,367.36,-3.0
DYA,14.0,4.32,367.36,-3.0
ELE,87.0,3.95,389.41,-3.2
WRE,14.0,4.46,489.53,-8.9
DLP,35.0,4.32,343.38,-1.3
PDP,24.0,3.73,327.34,-6.7
DPD,53.0,3.53,345.31,-8.6
KRA,19.0,11.46,373.46,-6.6
SQG,13.0,5.55,290.28,-4.7
QGA,33.0,5.58,274.28,-2.1
ANE,16.0,3.78,332.31,-5.2
NAT,10.0,5.33,304.3,-2.4
VSN,17.0,5.46,318.33,-0.1
RDL,58.0,9.46,402.45,-4.2
STS,13.0,5.23,293.28,-2.3
TSP,17.0,5.97,303.32,-3.1
EQA,61.0,4.6,346.34,-5.2
RQH,17.0,12.0,439.47,-11.2
VED,32.0,3.4,361.35,-2.8
PGH,15.0,5.5,309.32,-5.2
GHR,18.0,12.0,368.4,-8.1
HRA,27.0,10.09,382.42,-5.9
ESI,13.0,4.6,347.37,0.2
GRG,55.0,10.0,288.31,-5.3
DIA,42.0,4.32,317.34,2.8
PGP,29.0,5.88,269.3,-3.6
GPI,17.0,5.59,285.34,2.5
SRT,27.0,9.76,362.39,-6.0
ILP,16.0,6.05,341.45,6.7
GMP,15.0,6.03,303.38,-0.1
MPV,12.0,5.56,345.46,4.5
LVN,19.0,5.47,344.41,4.5
QVD,19.0,3.41,360.37,-2.8
LVF,25.0,5.35,377.48,10.8
VFV,26.0,5.56,363.46,11.2
LGH,19.0,5.51,325.37,0.2
VQV,25.0,5.56,344.41,4.9
NGA,19.0,5.61,260.25,-2.1
ALC,12.0,5.78,305.39,8.1
LSA,97.0,5.65,289.33,4.8
TPI,13.0,5.52,329.4,2.2
PIT,18.0,5.21,329.4,2.2
ITT,12.0,5.37,333.38,3.1
ADI,38.0,3.91,317.34,2.8
DIV,17.0,4.32,345.4,5.2
DGD,40.0,3.53,305.24,-7.4
PVR,37.0,12.0,370.45,-1.9
SFR,12.0,12.0,408.46,-2.5
ALH,17.0,5.51,339.39,2.4
LHP,13.0,7.22,365.43,-1.0
LTT,35.0,5.37,333.38,2.4
TTR,13.0,12.0,376.41,-5.9
AGR,113.0,12.0,302.33,-3.1
GRS,39.0,9.68,318.33,-5.7
SAV,64.0,5.52,275.3,5.2
FIG,16.0,5.74,335.4,6.9
MLD,21.0,3.45,377.46,2.2
MAD,19.0,3.45,335.38,0.2
VIL,24.0,5.58,343.47,12.5
RGI,44.0,12.0,344.41,-0.4
ITK,12.0,9.9,360.45,-0.1
LED,27.0,3.41,375.38,-3.2
RKG,10.0,12.0,359.43,-8.8
GEN,11.0,4.08,318.29,-7.4
TLM,16.0,5.27,363.47,5.0
GVY,12.0,6.47,337.38,2.5
VYP,11.0,6.02,377.44,1.3
IVI,20.0,5.6,343.47,13.2
VII,14.0,5.59,343.47,13.2
LGN,12.0,5.47,302.33,-0.1
KGV,19.0,10.06,302.37,-0.1
VHV,18.0,6.77,353.42,5.2
TEL,36.0,4.01,361.4,-0.4
DPE,44.0,3.81,359.34,-8.6
QQL,16.0,5.51,387.44,-3.2
QLV,36.0,5.5,358.44,4.5
ALN,29.0,5.49,316.36,2.1
EAD,45.0,3.63,333.3,-5.2
IEQ,20.0,4.09,388.42,-2.5
DAI,70.0,4.32,317.34,2.8
IRD,28.0,4.1,402.45,-3.5
RDG,55.0,9.47,346.34,-8.4
IEH,14.0,4.71,397.43,-2.2
EHG,36.0,5.51,341.32,-7.1
VDE,57.0,3.57,361.35,-2.8
RGM,18.0,12.0,362.45,-3.0
MVG,13.0,5.59,305.39,5.7
FPE,10.0,3.87,391.42,-2.3
SAE,47.0,3.73,305.29,-2.5
SSF,19.0,5.28,339.35,1.2
SFT,23.0,5.32,353.38,1.3
VGF,36.0,5.32,321.38,6.6
MGA,16.0,5.63,277.34,3.3
LAM,16.0,5.36,333.45,7.5
MSL,10.0,5.58,349.45,4.9
YGT,12.0,8.36,339.35,-2.4
DGQ,21.0,4.32,318.29,-7.4
GQE,12.0,3.77,332.31,-7.4
EIR,15.0,8.2,416.48,-3.5
VRS,46.0,9.68,360.41,-1.1
IAY,12.0,6.47,365.43,5.0
AYV,18.0,5.59,351.4,4.7
YVS,10.0,8.29,367.4,2.1
GLN,13.0,5.46,302.33,-0.1
TIK,10.0,9.9,360.45,-0.1
KVS,10.0,10.06,332.4,-0.5
DPI,17.0,4.32,343.38,-0.6
IRE,25.0,4.44,416.48,-3.5
LHA,26.0,6.82,339.39,2.4
DVE,34.0,3.81,361.35,-2.8
QGV,16.0,5.5,302.33,0.3
TLS,37.0,5.22,319.36,2.3
TDP,16.0,3.82,331.33,-5.8
PTR,17.0,12.0,372.42,-6.8
SSE,14.0,3.73,321.29,-5.1
ELP,42.0,4.6,357.41,-1.3
TIF,10.0,5.27,379.46,6.6
ITG,23.0,5.61,289.33,3.4
EML,13.0,4.6,391.48,2.2
MRR,14.0,12.57,461.58,-7.1
RMA,25.0,12.0,376.47,-0.8
TKG,11.0,8.65,304.35,-5.0
TPR,10.0,12.0,372.42,-6.8
GFL,33.0,5.58,335.4,6.2
ASM,14.0,5.36,307.36,2.9
FGK,13.0,9.9,350.42,-1.5
FGI,23.0,5.73,335.4,6.9
IVL,67.0,5.59,343.47,12.5
AFQ,19.0,5.24,364.4,1.1
ATN,13.0,5.49,304.3,-2.4
GTT,43.0,5.36,277.28,-1.8
NLV,11.0,5.54,344.41,4.5
IGM,10.0,5.35,319.42,6.0
AGH,28.0,5.51,283.29,-1.8
GHI,17.0,6.78,325.37,0.9
FVS,12.0,5.42,351.4,6.2
SMT,13.0,5.32,337.39,0.4
SSI,18.0,5.55,305.33,2.9
SIL,19.0,5.54,331.41,7.5
VPA,66.0,5.64,285.34,4.4
IVT,28.0,5.37,331.41,8.0
GML,43.0,5.58,319.42,5.3
FRG,12.0,10.0,378.43,-2.1
GQS,15.0,5.28,290.28,-4.7
SRG,42.0,10.0,318.33,-5.7
YLP,16.0,9.02,391.47,0.9
PEI,13.0,3.92,357.41,-0.6
PDT,25.0,3.73,331.33,-5.8
TGY,11.0,6.39,339.35,-2.4
LEL,86.0,4.09,373.45,4.1
QSV,11.0,5.5,332.36,-0.1
APM,14.0,5.36,317.4,2.1
VTR,32.0,12.0,374.44,-1.0
HSG,15.0,7.26,299.29,-4.4
GRH,10.0,9.31,368.4,-8.1
IYA,10.0,5.65,365.43,5.0
FFV,12.0,5.72,411.5,9.8
MSV,11.0,5.56,335.42,5.3
WIA,20.0,5.68,388.47,5.4
RSQ,11.0,12.0,389.41,-8.8
VFI,10.0,5.59,377.48,11.5
GGI,44.0,5.59,245.28,3.7
LVM,20.0,5.36,361.5,9.9
GLF,31.0,5.33,335.4,6.2
KGL,15.0,10.06,316.4,-0.5
VLN,12.0,5.46,344.41,4.5
RQG,13.0,12.0,359.39,-8.4
FSI,12.0,5.73,365.43,6.5
RGS,27.0,12.0,318.33,-5.7
SRA,55.0,10.04,332.36,-3.5
SEG,17.0,4.02,291.26,-4.7
AEG,108.0,4.1,275.26,-2.1
EGF,18.0,4.6,351.36,-1.1
DRT,14.0,5.86,390.4,-8.7
DLF,16.0,4.32,393.44,3.1
YAG,21.0,8.61,309.32,0.1
DGG,31.0,4.32,247.21,-4.3
TQL,15.0,5.51,360.41,-0.4
QLQ,11.0,5.16,387.44,-3.2
AYD,12.0,3.48,367.36,-3.0
DRL,94.0,6.08,402.45,-4.2
HVG,13.0,7.26,311.34,0.6
QGL,38.0,5.51,316.36,-0.1
RYG,21.0,10.64,394.43,-6.2
YGD,13.0,3.82,353.33,-5.2
LFS,13.0,5.3,365.43,5.8
PDD,14.0,3.25,345.31,-8.6
GAM,27.0,5.33,277.34,3.3
VQQ,17.0,5.21,373.41,-2.8
TST,13.0,5.3,307.3,-2.2
NAQ,12.0,5.18,331.33,-5.2
AQN,12.0,5.49,331.33,-5.2
ILQ,13.0,5.22,372.46,4.8
QSS,11.0,5.22,320.3,-5.1
DNL,10.0,4.32,360.37,-3.2
ILT,15.0,5.37,345.44,7.6
VQN,13.0,5.46,359.38,-2.8
EVP,30.0,4.6,343.38,-0.9
ESV,34.0,4.6,333.34,-0.1
SVR,35.0,12.0,360.41,-1.1
GTQ,22.0,5.22,304.3,-4.6
DTR,16.0,8.07,390.4,-8.7
MVQ,10.0,5.21,376.47,2.6
EPE,24.0,3.95,373.36,-8.6
ETT,12.0,4.6,349.34,-4.9
TSD,10.0,3.41,321.29,-5.0
DNG,10.0,4.32,304.26,-7.4
IEV,28.0,4.09,359.42,5.2
AYA,37.0,5.66,323.35,2.3
ADN,12.0,3.91,318.29,-5.2
PLV,70.0,5.42,327.42,6.4
VTE,21.0,3.76,347.37,0.0
AKV,33.0,8.62,316.4,2.1
EFL,13.0,4.6,407.47,3.1
NPG,11.0,5.58,286.29,-5.5
AMI,11.0,5.61,333.45,8.2
NTG,13.0,5.58,290.28,-4.6
AED,26.0,3.41,333.3,-5.2
RAY,12.0,10.72,408.46,-4.0
ESY,11.0,4.6,397.38,-5.6
TDE,19.0,3.53,363.32,-7.7
AAH,35.0,5.51,297.31,0.4
AST,63.0,5.38,277.28,0.3
GPE,21.0,3.77,301.3,-5.5
RDT,14.0,9.24,390.4,-8.7
VTH,10.0,5.5,355.39,0.3
FVT,15.0,5.5,365.43,6.3
LKR,10.0,12.0,415.54,-4.6
YLV,18.0,8.58,393.48,6.7
GED,26.0,3.4,319.27,-7.4
SGM,12.0,5.3,293.34,0.7
GMA,16.0,5.64,277.34,3.3
LYS,10.0,5.3,381.43,1.7
SHG,11.0,6.8,299.29,-4.4
HGF,12.0,7.01,359.38,-0.8
GMG,14.0,5.6,263.31,1.1
AEP,65.0,4.1,315.33,-3.3
EPS,26.0,4.6,331.33,-5.9
RPS,29.0,12.0,358.4,-6.9
SDT,10.0,3.83,321.29,-5.0
ERM,16.0,5.96,434.51,-6.1
MRE,13.0,4.43,434.51,-6.1
HLG,19.0,7.26,325.37,0.2
RMP,10.0,12.0,402.51,-4.2
SVD,36.0,3.43,319.31,-0.1
KPA,36.0,10.06,314.38,-3.7
PAG,89.0,5.45,243.26,-0.2
TDL,25.0,3.82,347.37,-0.4
AHL,30.0,6.77,339.39,2.4
KDA,16.0,8.62,332.36,-5.6
GQP,18.0,6.03,300.31,-5.5
PFD,18.0,3.35,377.4,-2.3
FDP,18.0,4.02,377.4,-2.3
TFV,19.0,5.5,365.43,6.3
FVQ,16.0,5.36,392.46,3.5
GFR,16.0,12.0,378.43,-2.1
FRD,11.0,4.19,436.47,-5.2
YSR,10.0,10.98,424.46,-6.6
PSR,20.0,12.0,358.4,-6.9
SRD,19.0,4.06,376.37,-8.8
FGS,14.0,5.42,309.32,1.6
DHV,12.0,5.38,369.38,-2.5
VLM,39.0,5.33,361.5,9.9
THR,13.0,12.0,412.45,-8.4
SQI,14.0,5.55,346.38,0.2
EIS,11.0,4.6,347.37,0.2
SDL,22.0,3.83,333.34,-0.5
TPS,15.0,5.22,303.32,-3.1
GHA,23.0,6.82,283.29,-1.8
VVH,24.0,5.5,353.42,5.2
GHS,10.0,6.47,299.29,-4.4
AVN,20.0,5.49,302.33,2.5
SPF,16.0,5.28,349.39,0.4
DAW,15.0,4.32,390.4,-2.6
ERH,10.0,5.69,440.46,-11.2
GHP,11.0,7.22,309.32,-5.2
HTG,10.0,7.26,313.31,-4.3
IES,12.0,4.09,347.37,0.2
VKG,10.0,8.65,302.37,-0.1
RSE,23.0,8.04,390.4,-8.8
LPF,18.0,5.35,375.47,5.0
IGW,10.0,5.41,374.44,3.2
GWA,29.0,5.64,332.36,0.5
WAL,29.0,5.63,388.47,4.7
DAM,15.0,4.32,335.38,0.2
MDV,12.0,3.87,363.43,2.6
SLT,28.0,5.32,319.36,2.3
VGM,14.0,5.33,305.39,5.7
SVF,10.0,5.28,351.4,6.2
LVY,10.0,6.48,393.48,6.7
YGL,18.0,8.58,351.4,2.1
FVV,32.0,5.72,363.46,11.2
KRI,14.0,11.46,415.54,-3.9
VWL,17.0,5.58,416.52,7.1
GWR,16.0,12.0,417.47,-5.8
VFS,10.0,5.27,351.4,6.2
MPE,11.0,3.76,375.44,-3.2
YLE,15.0,4.3,423.47,-1.0
DET,15.0,4.05,363.32,-7.7
TTD,27.0,3.41,335.31,-4.9
SEP,11.0,4.02,331.33,-5.9
TAP,50.0,5.97,287.32,-0.5
LWA,16.0,5.65,388.47,4.7
WAV,13.0,5.61,374.44,5.1
AVW,11.0,5.44,374.44,5.1
SFG,18.0,5.55,309.32,1.6
ITL,14.0,5.59,345.44,7.6
FLI,10.0,5.73,391.51,11.1
FGT,18.0,5.5,323.35,1.7
EGM,10.0,4.6,335.38,-2.0
AWG,16.0,5.63,332.36,0.5
LYA,23.0,5.65,365.43,4.3
YPT,14.0,8.36,379.41,-3.6
GPL,46.0,5.58,285.34,1.8
MGE,21.0,3.76,335.38,-2.0
DDI,13.0,3.91,361.35,-2.5
FVE,24.0,3.87,393.44,3.5
MTT,13.0,5.35,351.42,0.5
LWP,11.0,6.05,414.5,1.3
WPL,12.0,5.63,414.5,1.3
PLW,13.0,5.26,414.5,1.3
RYE,10.0,7.23,466.49,-9.3
REG,48.0,9.47,360.37,-8.4
QTG,11.0,5.54,304.3,-4.6
FGV,21.0,5.72,321.38,6.6
GVQ,36.0,5.22,302.33,0.3
VQG,26.0,5.6,302.33,0.3
EGE,40.0,3.95,333.3,-7.4
TID,18.0,3.41,347.37,0.3
QTA,22.0,5.58,318.33,-2.4
TVH,16.0,5.5,355.39,0.3
PRA,55.0,10.04,342.4,-4.3
TRD,26.0,4.06,390.4,-8.7
GVW,10.0,5.41,360.41,2.9
WLL,35.0,5.63,430.55,6.7
AMP,23.0,6.06,317.4,2.1
SWV,12.0,5.52,390.44,2.5
PGA,88.0,5.49,243.26,-0.2
SVT,16.0,5.32,305.33,2.7
RSW,11.0,12.0,447.49,-6.2
WPV,11.0,5.61,400.48,1.7
HVV,18.0,7.23,353.42,5.2
AIR,52.0,12.0,358.44,1.8
IVN,15.0,5.47,344.41,5.2
GVH,15.0,5.51,311.34,0.6
HPE,16.0,5.33,381.39,-8.3
EGD,27.0,3.63,319.27,-7.4
AGN,26.0,5.49,260.25,-2.1
VNP,15.0,6.02,328.37,-0.9
PIG,22.0,5.45,285.34,2.5
THG,10.0,6.8,313.31,-4.3
RVY,16.0,10.72,436.51,-1.6
HAH,13.0,6.71,363.38,-4.6
AEF,20.0,4.1,365.39,1.1
IID,13.0,3.46,359.42,5.5
HPV,14.0,7.23,351.41,-0.6
LVH,20.0,5.51,367.45,4.8
PAK,18.0,9.9,314.38,-3.7
VWG,10.0,5.6,360.41,2.9
PMA,11.0,5.49,317.4,2.1
VVF,20.0,5.32,363.46,11.2
EPM,11.0,4.6,375.44,-3.2
DLY,10.0,4.32,409.44,-1.0
HAV,23.0,7.23,325.37,2.8
AMV,23.0,5.6,319.42,7.9
LVI,55.0,5.6,343.47,12.5
MGV,17.0,5.56,305.39,5.7
EWR,11.0,8.2,489.53,-8.9
PAH,12.0,5.5,323.35,-3.0
HLR,14.0,12.0,424.5,-3.9
RQP,10.0,12.0,399.45,-9.6
QPS,10.0,5.22,330.34,-5.9
TDR,13.0,7.82,390.4,-8.7
FAY,12.0,6.61,399.45,3.3
AYL,26.0,5.6,365.43,4.3
TSS,15.0,5.22,293.28,-2.3
GEF,11.0,4.08,351.36,-1.1
VQT,10.0,5.36,346.38,0.0
LFR,17.0,12.0,434.54,2.1
VPM,16.0,5.33,345.46,4.5
ACG,12.0,5.59,249.28,3.9
QAQ,13.0,5.16,345.36,-5.2
ARK,17.0,11.36,373.46,-6.6
DDD,45.0,3.4,363.28,-10.5
DGP,29.0,4.32,287.27,-5.5
LNR,10.0,12.0,401.47,-4.2
RHG,24.0,12.0,368.4,-8.1
TLQ,14.0,5.16,360.41,-0.4
QLS,26.0,5.22,346.38,-0.5
VEY,12.0,4.08,409.44,-0.6
YFA,10.0,8.64,399.45,3.3
VPI,22.0,5.59,327.42,7.1
IRA,31.0,10.04,358.44,1.8
DGK,10.0,7.13,318.33,-7.8
GKP,22.0,9.08,300.36,-5.9
FGE,17.0,3.87,351.36,-1.1
DPQ,17.0,4.32,358.35,-8.6
TFL,14.0,5.51,379.46,5.9
PEV,44.0,3.92,343.38,-0.9
LDK,12.0,6.91,374.44,-3.6
ASK,14.0,9.9,304.35,-2.9
DFL,10.0,4.32,393.44,3.1
QTV,19.0,5.5,346.38,0.0
IRS,17.0,9.68,374.44,-0.8
RSK,12.0,12.02,389.46,-9.2
AHT,14.0,6.55,327.34,-2.1
SGY,10.0,6.41,325.32,-2.5
VAW,21.0,5.4,374.44,5.1
QGS,12.0,5.22,290.28,-4.7
GSM,12.0,5.33,293.34,0.7
PSP,20.0,5.88,299.33,-4.0
PVT,48.0,5.21,315.37,1.9
VFG,29.0,5.6,321.38,6.6
RSD,21.0,7.82,376.37,-8.8
PWA,14.0,5.49,372.42,-0.7
WTA,14.0,5.68,376.41,0.2
WIG,10.0,5.64,374.44,3.2
TTG,29.0,5.54,277.28,-1.8
TAN,23.0,5.4,304.3,-2.4
AWS,18.0,5.31,362.39,0.1
WSA,19.0,5.68,362.39,0.1
SAH,16.0,5.5,313.31,-2.2
TEI,11.0,4.01,361.4,0.3
REH,22.0,8.78,440.46,-11.2
EHP,13.0,5.52,381.39,-8.3
ATM,11.0,5.36,321.39,3.0
DNV,10.0,4.32,346.34,-2.8
GHD,13.0,4.09,327.3,-7.1
SSR,21.0,12.0,348.36,-6.1
PIL,15.0,5.44,341.45,6.7
SID,34.0,3.43,333.34,0.2
MLE,12.0,3.76,391.48,2.2
DRD,20.0,4.08,404.38,-11.5
LDH,10.0,4.58,383.4,-2.9
RRK,12.0,12.57,458.56,-12.9
VIE,25.0,3.76,359.42,5.2
NGI,10.0,5.56,302.33,0.6
HDD,12.0,4.21,385.33,-10.2
PDE,23.0,3.46,359.34,-8.6
YRS,15.0,10.09,424.46,-6.6
GLW,16.0,5.41,374.44,2.5
MIV,14.0,5.56,361.5,10.6
LHD,13.0,4.1,383.4,-2.9
AWP,11.0,6.06,372.42,-0.7
ARY,21.0,9.59,408.46,-4.0
EHR,14.0,8.78,440.46,-11.2
MAG,22.0,5.59,277.34,3.3
IVP,19.0,6.05,327.42,7.1
PAY,12.0,6.31,349.39,-1.1
NEG,10.0,4.05,318.29,-7.4
LKQ,12.0,8.26,387.48,-3.6
EDD,10.0,3.48,377.31,-10.5
DSV,19.0,4.32,319.31,-0.1
SVN,16.0,5.41,318.33,-0.1
EPD,26.0,3.63,359.34,-8.6
SKP,11.0,9.08,330.38,-6.3
PFA,19.0,5.49,333.39,3.0
LRM,17.0,9.74,418.55,1.2
KQL,15.0,10.06,387.48,-3.6
QLI,16.0,5.52,372.46,4.8
FLL,25.0,5.72,391.51,10.4
RRD,46.0,11.8,445.48,-12.5
HRD,13.0,6.49,426.43,-11.2
LLH,13.0,5.51,381.48,4.4
YGR,13.0,10.98,394.43,-6.2
PLI,17.0,5.44,341.45,6.7
GYG,20.0,5.6,295.3,-2.1
GRK,18.0,11.36,359.43,-8.8
MTR,18.0,12.0,406.5,-3.3
SAS,71.0,5.23,263.25,0.2
PGQ,10.0,5.07,300.31,-5.5
LGM,16.0,5.36,319.42,5.3
MLG,18.0,5.59,319.42,5.3
GEH,17.0,4.71,341.32,-7.1
RHR,18.0,12.62,467.53,-12.2
DEH,14.0,4.48,399.36,-10.2
EHE,17.0,4.44,413.39,-10.2
MPS,10.0,5.27,333.4,-0.5
SAW,18.0,5.36,362.39,0.1
RDI,27.0,9.47,402.45,-3.5
AIK,14.0,9.9,330.43,2.4
KLE,13.0,7.15,388.46,-3.6
HDV,13.0,6.4,369.38,-2.5
MPG,10.0,5.59,303.38,-0.1
PGM,14.0,5.19,303.38,-0.1
GMS,12.0,5.28,293.34,0.7
RDR,51.0,12.0,445.48,-12.5
SPR,20.0,12.0,358.4,-6.9
MST,13.0,5.35,337.39,0.4
SPS,19.0,5.23,289.29,-3.2
PSI,16.0,5.44,315.37,2.1
MAT,19.0,5.35,321.39,3.0
TYR,11.0,10.64,438.48,-6.5
HLE,13.0,5.33,397.43,-2.9
TEQ,12.0,4.01,376.37,-7.7
DPL,15.0,4.32,343.38,-1.3
TTP,17.0,5.97,317.34,-3.0
TFT,12.0,5.3,367.4,1.4
FTG,18.0,5.74,323.35,1.7
FSA,20.0,5.78,323.35,3.8
DGF,21.0,4.32,337.33,-1.1
EYV,10.0,4.6,409.44,-0.6
GHG,15.0,6.8,269.26,-4.0
NAG,17.0,5.58,260.25,-2.1
DHA,12.0,5.4,341.32,-4.9
IIL,10.0,5.59,357.49,12.8
DIP,10.0,4.32,343.38,-0.6
LCL,13.0,5.56,347.47,10.1
YRD,13.0,6.96,452.47,-9.3
VIT,28.0,5.36,331.41,8.0
NSS,14.0,5.24,306.28,-5.1
RGP,26.0,12.0,328.37,-6.5
EDG,22.0,4.09,319.27,-7.4
FLS,14.0,5.42,365.43,5.8
MAA,33.0,5.63,291.37,5.5
PHV,13.0,6.77,351.41,-0.6
AIY,10.0,6.49,365.43,5.0
EVK,12.0,7.26,374.44,-3.2
ALM,24.0,5.36,333.45,7.5
LMT,12.0,5.37,363.47,5.0
VNT,11.0,5.36,332.36,0.0
DPG,18.0,4.32,287.27,-5.5
EWV,18.0,4.6,432.48,-0.2
YTA,11.0,8.64,353.38,-0.2
ATF,22.0,5.36,337.38,3.9
RSP,25.0,12.0,358.4,-6.9
SPL,23.0,5.54,315.37,1.4
SGE,35.0,3.73,291.26,-4.7
VML,12.0,5.58,361.5,9.9
PQA,17.0,5.49,314.34,-3.3
FRT,11.0,9.76,422.48,-2.4
DRY,10.0,6.96,452.47,-9.3
YET,10.0,5.74,411.41,-5.5
AEY,13.0,4.1,381.39,-3.0
VYL,12.0,5.58,393.48,6.7
DQA,17.0,4.32,332.31,-5.2
LDF,13.0,3.9,393.44,3.1
VHR,24.0,12.0,410.48,-3.5
PVP,24.0,5.88,311.38,1.0
PLY,13.0,6.31,391.47,0.9
EGH,11.0,4.97,341.32,-7.1
YTD,10.0,3.82,397.38,-5.5
PRS,19.0,9.68,358.4,-6.9
FRA,27.0,10.04,392.46,0.1
LNG,11.0,5.61,302.33,-0.1
NGG,20.0,5.58,246.22,-4.3
LIF,10.0,5.35,391.51,11.1
LRH,13.0,9.31,424.5,-3.9
MER,13.0,7.99,434.51,-6.1
LMV,10.0,5.59,361.5,9.9
PSF,10.0,5.18,349.39,0.4
KPG,11.0,10.06,300.36,-5.9
VFL,16.0,5.58,377.48,10.8
LMA,38.0,5.65,333.45,7.5
SAQ,22.0,5.17,304.3,-2.5
MLS,10.0,5.27,349.45,4.9
EGP,27.0,4.6,301.3,-5.5
KPV,13.0,10.06,342.44,-1.3
HRV,20.0,10.03,410.48,-3.5
QGI,13.0,5.52,316.36,0.6
FDT,17.0,4.02,381.39,-1.4
HLT,11.0,7.04,369.42,-0.1
AEH,30.0,4.72,355.35,-4.9
LHL,15.0,6.77,381.48,4.4
LLN,14.0,5.47,358.44,4.1
MPR,10.0,12.0,402.51,-4.2
GAY,26.0,6.47,309.32,0.1
ERN,13.0,6.08,417.42,-11.5
VWV,13.0,5.56,402.49,7.5
WVV,11.0,5.61,402.49,7.5
AWW,10.0,5.44,461.52,0.0
WQR,13.0,12.0,488.55,-8.9
RST,23.0,12.0,362.39,-6.0
TGH,14.0,5.5,313.31,-4.3
VWA,12.0,5.64,374.44,5.1
WAD,14.0,3.49,390.4,-2.6
PPT,19.0,5.21,313.35,-3.9
YDV,13.0,5.75,395.41,-0.6
HPG,10.0,7.26,309.32,-5.2
TER,35.0,7.98,404.42,-8.7
LYR,13.0,10.64,450.54,-2.0
RYR,11.0,12.0,493.57,-10.3
MVT,14.0,5.35,349.45,5.4
EPP,18.0,4.6,341.36,-6.7
TTE,14.0,3.71,349.34,-4.9
LCA,11.0,5.61,305.39,8.1
KSL,11.0,10.06,346.43,-0.9
EPI,22.0,4.6,357.41,-0.6
SEA,36.0,4.02,305.29,-2.5
PAM,13.0,5.19,317.4,2.1
MPA,14.0,5.63,317.4,2.1
YDG,10.0,5.78,353.33,-5.2
PTT,18.0,5.21,317.34,-3.0
TRE,24.0,4.42,404.42,-8.7
IRT,13.0,9.76,388.47,-0.7
KRG,14.0,11.46,359.43,-8.8
DTT,21.0,4.32,335.31,-4.9
VSF,17.0,5.32,351.4,6.2
DIT,12.0,4.32,347.37,0.3
VFT,12.0,5.36,365.43,6.3
YAR,24.0,10.98,408.46,-4.0
KAE,12.0,7.15,346.38,-5.6
RLF,12.0,12.0,434.54,2.1
PHA,18.0,6.82,323.35,-3.0
VYR,10.0,10.64,436.51,-1.6
YRE,14.0,7.18,466.49,-9.3
GPQ,14.0,5.22,300.31,-5.5
PKV,12.0,8.62,342.44,-1.3
KAI,12.0,10.06,330.43,2.4
DPK,11.0,7.13,358.39,-9.0
PKG,12.0,8.65,300.36,-5.9
ISP,10.0,6.05,315.37,2.1
VIR,17.0,12.0,386.49,4.2
REW,13.0,9.28,489.53,-8.9
EWA,12.0,4.6,404.42,-2.6
KRR,13.0,12.57,458.56,-12.9
LWR,11.0,12.0,473.58,-1.6
WRL,16.0,9.98,473.58,-1.6
RHE,14.0,8.77,440.46,-11.2
FLR,18.0,12.0,434.54,2.1
HLD,17.0,5.11,383.4,-2.9
TRV,25.0,9.97,374.44,-1.0
GPY,16.0,6.47,335.36,-3.3
AGW,27.0,5.44,332.36,0.5
GWS,12.0,5.28,348.36,-2.1
NLY,11.0,6.43,408.45,-1.0
PMV,14.0,5.42,345.46,4.5
PNA,28.0,5.49,300.31,-3.3
TKL,12.0,8.62,360.45,-0.8
PQR,10.0,12.0,399.45,-9.6
DRP,19.0,6.53,386.41,-9.6
EED,11.0,3.55,391.33,-10.5
AQD,16.0,3.48,332.31,-5.2
CLL,12.0,7.8,347.47,10.1
AFR,36.0,12.0,392.46,0.1
APW,14.0,5.44,372.42,-0.7
EWL,13.0,4.6,446.5,-0.6
GDS,19.0,3.88,277.23,-4.7
PGF,19.0,5.18,319.36,0.8
ETE,14.0,3.95,377.35,-7.7
HAP,11.0,7.67,323.35,-3.0
PYR,13.0,10.64,434.5,-7.4
VTN,14.0,5.46,332.36,0.0
APF,25.0,5.36,333.39,3.0
TQQ,10.0,5.16,375.38,-7.7
MRL,10.0,9.98,418.55,1.2
RNL,12.0,12.0,401.47,-4.2
ARN,14.0,9.87,359.39,-6.2
QER,14.0,7.98,431.45,-11.5
GGY,16.0,6.47,295.3,-2.1
LNF,11.0,5.35,392.46,3.1
EGN,11.0,4.6,318.29,-7.4
MAS,13.0,5.27,307.36,2.9
PQV,13.0,5.42,342.4,-0.9
SSP,16.0,5.98,289.29,-3.2
PII,11.0,5.44,341.45,7.4
DHL,12.0,5.38,383.4,-2.9
RHV,23.0,12.0,410.48,-3.5
HVE,12.0,5.33,383.4,-2.5
VKR,14.0,12.0,401.51,-4.2
DVW,10.0,4.32,418.45,-0.2
YLT,12.0,8.36,395.46,1.8
RPW,13.0,12.0,457.53,-7.0
GEG,42.0,4.08,261.23,-4.3
PWP,10.0,5.88,398.46,-4.1
GKI,10.0,8.64,316.4,0.2
VPF,13.0,5.32,361.44,5.4
RAN,10.0,12.0,359.39,-6.2
MRP,10.0,10.42,402.51,-4.2
RAW,21.0,12.0,431.49,-3.6
AWA,27.0,5.66,346.39,2.7
GQG,15.0,5.6,260.25,-4.3
PWL,11.0,5.44,414.5,1.3
PPP,14.0,5.88,309.37,-4.8
EGY,10.0,4.6,367.36,-5.2
RLY,10.0,10.72,450.54,-2.0
SRF,14.0,9.74,408.46,-2.5
DVK,13.0,7.13,360.41,-3.2
ERK,12.0,9.9,431.49,-11.9
YAS,12.0,8.29,339.35,-0.3
DFT,13.0,4.32,381.39,-1.4
PFL,16.0,5.44,375.47,5.0
LLY,19.0,6.48,407.51,6.3
AQH,11.0,5.51,354.37,-4.9
LDS,21.0,3.9,333.34,-0.5
VAY,10.0,6.45,351.4,4.7
RED,12.0,4.38,418.41,-11.5
HER,22.0,9.21,440.46,-11.2
HPD,14.0,5.11,367.36,-8.3
PTI,12.0,5.44,329.4,2.2
EPQ,10.0,4.6,372.38,-8.6
QPT,10.0,5.3,344.37,-5.8
DWL,15.0,4.32,432.48,-0.6
NVG,12.0,5.58,288.3,0.3
SAY,12.0,6.41,339.35,-0.3
PRP,21.0,10.42,368.44,-7.7
YVG,13.0,8.61,337.38,2.5
LPI,23.0,5.6,341.45,6.7
EHV,13.0,5.51,383.4,-2.5
VDQ,11.0,3.88,360.37,-2.8
TKR,11.0,12.0,403.48,-9.1
VEK,10.0,7.06,374.44,-3.2
PPS,10.0,5.13,299.33,-4.0
EHL,26.0,5.51,397.43,-2.9
LTF,10.0,5.35,379.46,5.9
APN,11.0,5.49,300.31,-3.3
VYA,16.0,5.64,351.4,4.7
NVV,15.0,5.54,330.38,4.9
WAG,15.0,5.64,332.36,0.5
RFT,12.0,12.0,422.48,-2.4
CLA,12.0,7.86,305.39,8.1
FLD,12.0,3.55,393.44,3.1
TNL,10.0,5.51,346.38,-0.4
DEY,10.0,4.05,425.4,-8.3
HYL,10.0,7.23,431.49,-0.7
LPQ,11.0,5.23,356.42,-1.3
SVI,16.0,5.55,317.39,7.9
WAI,16.0,5.63,388.47,5.4
EQD,10.0,3.63,390.35,-10.5
GHL,13.0,6.77,325.37,0.2
TKA,10.0,8.7,318.37,-2.8
RLM,10.0,12.0,418.55,1.2
WAR,10.0,12.0,431.49,-3.6
VGW,10.0,5.4,360.41,2.9
ERQ,12.0,5.84,431.45,-11.5
ESE,10.0,3.95,363.32,-7.8
LYV,11.0,5.59,393.48,6.7
HRT,10.0,9.9,412.45,-8.4
ATK,11.0,9.9,318.37,-2.8
REM,10.0,9.22,434.51,-6.1
LVW,13.0,5.42,416.52,7.1
HLS,11.0,6.97,355.39,-0.2
SQT,10.0,5.32,334.33,-5.0
RWL,16.0,12.0,473.58,-1.6
DVQ,16.0,4.32,360.37,-2.8
QIV,12.0,5.5,358.44,5.2
WIV,13.0,5.61,416.52,7.8
PIV,27.0,5.42,327.42,7.1
FDS,11.0,4.02,367.36,-1.5
IMA,11.0,5.65,333.45,8.2
HLV,10.0,7.23,367.45,4.8
VEH,12.0,4.71,383.4,-2.5
LRW,11.0,9.81,473.58,-1.6
FVR,16.0,12.0,420.51,2.5
AYT,15.0,5.38,353.38,-0.2
GIQ,10.0,5.22,316.36,0.6
NGV,10.0,5.54,288.3,0.3
AWI,14.0,5.61,388.47,5.4
ATW,10.0,5.44,376.41,0.2
SET,16.0,4.02,335.31,-5.0
AAC,10.0,5.78,263.31,6.1
GAH,14.0,5.51,283.29,-1.8
VWP,10.0,6.02,400.48,1.7
IVM,10.0,5.35,361.5,10.6
MIG,10.0,5.59,319.42,6.0
PAQ,11.0,5.07,314.34,-3.3
QIE,10.0,3.71,388.42,-2.5
FQE,11.0,3.87,422.44,-4.2
