kmer	DJ	GIC31	RW1	RW2	Rleg
AAAAA	2182	5804	0	6000	4663
AAAAC	2173	3209	0	3255	5412
AAAAG	2227	3498	0	3483	6136
AAAAT	1475	4127	0	4304	4860
AAACA	1489	3048	0	3186	3994
AAACC	3379	2106	15	2082	6201
AAACG	2501	4209	0	4468	6378
AAACT	1332	2220	0	2206	3085
AAAGA	1527	4246	0	4249	5261
AAAGC	3498	2862	13	2785	9750
AAAGG	2389	2674	12	2454	6408
AAAGT	1237	2667	0	2690	2888
AAATA	1239	2515	0	2742	3350
AAATC	2761	5486	0	5722	8121
AAATG	1958	2826	0	2975	5185
AAATT	1030	2478	0	2658	4078
AACAA	2161	4389	41	4363	4137
AACAC	2769	2466	73	2591	3720
AACAG	5502	3000	41	3206	5896
AACAT	2173	2781	69	2899	4708
AACCA	2940	1996	69	1935	4651
AACCC	3109	1527	110	1480	4307
AACCG	4595	3716	114	3896	8948
AACCT	3008	1141	123	1078	4518
AACGA	3410	4966	164	5135	7288
AACGC	5117	3774	239	3904	8840
AACGG	4681	4393	145	4475	8016
AACGT	1840	4705	114	4984	3896
AACTA	705	1096	18	1054	1189
AACTC	3237	3182	97	3220	4395
AACTG	6555	2711	54	2752	5318
AACTT	1759	2755	37	2924	3069
AAGAA	3468	5553	91	5685	7032
AAGAC	2863	4493	122	4609	7265
AAGAG	2302	3173	59	3131	5664
AAGAT	2735	3321	95	3464	7713
AAGCA	2654	2590	86	2509	6619
AAGCC	6492	2711	205	2634	12320
AAGCG	6231	5061	236	5240	12485
AAGCT	3513	1974	114	1910	7986
AAGGA	3755	2589	134	2562	7934
AAGGC	8039	3185	201	3002	14778
AAGGG	3812	1974	126	1826	6683
AAGGT	3684	1733	147	1724	6604
AAGTA	1328	2021	46	2005	1261
AAGTC	3088	3831	107	3983	4690
AAGTG	2158	3009	45	3139	3486
AAGTT	1740	2777	31	2885	3100
AATAA	819	2135	0	2376	1905
AATAC	1825	1891	0	1999	2801
AATAG	1100	1441	0	1564	3021
AATAT	1078	2168	0	2295	4586
AATCA	1547	4608	0	4710	4034
AATCC	3164	3160	17	3318	6538
AATCG	3014	7330	32	7784	8194
AATCT	1287	2356	0	2447	4101
AATGA	1490	3186	10	3464	5082
AATGC	3078	1638	14	1604	7884
AATGG	2577	2290	10	2356	6057
AATGT	1035	1722	0	1860	3649
AATTA	485	1233	0	1383	1377
AATTC	2258	2420	0	2604	7185
AATTG	1531	2851	0	2901	4782
AATTT	1033	2374	0	2612	4155
ACAAA	929	3036	0	3076	2889
ACAAC	3214	2661	127	2624	3668
ACAAG	3205	3468	96	3489	5775
ACAAT	1016	2475	0	2444	3969
ACACA	830	1456	11	1493	1545
ACACC	4705	2359	218	2381	4977
ACACG	2171	3532	204	3677	4250
ACACT	919	1548	10	1523	1741
ACAGA	1624	2191	15	2308	2838
ACAGC	6850	2257	150	2364	7417
ACAGG	5519	1658	75	1772	5468
ACAGT	1531	1739	14	1878	2186
ACATA	848	1519	0	1680	2321
ACATC	4609	3903	286	3951	8322
ACATG	3261	2653	114	2768	6033
ACATT	1040	1725	0	1774	3536
ACCAA	2243	2079	37	2220	4580
ACCAC	5992	1465	220	1350	4887
ACCAG	10034	1545	215	1536	8841
ACCAT	3802	2319	119	2344	6638
ACCCA	3339	1377	123	1347	3732
ACCCC	3588	1115	286	1126	3240
ACCCG	7048	2824	404	2828	7065
ACCCT	4623	803	106	755	3848
ACCGA	6253	5562	446	5881	10318
ACCGC	10720	3257	952	3322	13602
ACCGG	9800	4208	527	4493	12843
ACCGT	4073	4124	296	4265	7429
ACCTA	1033	556	45	575	1851
ACCTC	5045	2093	646	1956	6997
ACCTG	9414	1323	305	1386	7096
ACCTT	3607	1730	99	1689	6592
ACGAA	4772	5686	198	5865	8071
ACGAC	5729	6111	939	6383	11003
ACGAG	4662	5818	908	6017	8841
ACGAT	4587	5823	414	6048	11723
ACGCA	3292	2368	211	2463	5685
ACGCC	11067	4201	867	4423	14070
ACGCG	5346	3978	1063	3957	9797
ACGCT	4434	3736	378	3753	8317
ACGGA	2964	4225	136	4486	5868
ACGGC	11674	5206	1029	5133	17881
ACGGG	4003	3449	413	3329	5374
ACGGT	4109	4154	285	4265	7103
ACGTA	1396	2643	70	2740	1524
ACGTC	4129	7121	648	7462	8097
ACGTG	3030	4091	350	4289	3737
ACGTT	1950	4720	104	4895	3865
ACTAA	237	695	0	695	501
ACTAC	2252	971	140	903	1583
ACTAG	259	453	0	397	477
ACTAT	862	1435	0	1483	1970
ACTCA	1395	1942	17	1860	1731
ACTCC	3191	1464	128	1430	2420
ACTCG	4008	4652	344	4830	4254
ACTCT	1122	1226	26	1244	1856
ACTGA	2207	2075	35	2155	3463
ACTGC	5176	1494	177	1486	5403
ACTGG	6887	1525	142	1595	5422
ACTGT	1479	1797	16	1846	2247
ACTTA	354	1031	0	1041	727
ACTTC	4688	4221	224	4321	5351
ACTTG	2053	3760	41	3884	3344
ACTTT	1228	2552	0	2827	2793
AGAAA	2584	3246	0	3444	5433
AGAAC	3719	3212	146	3292	6035
AGAAG	4451	4534	194	4519	8616
AGAAT	1590	2015	11	2119	4239
AGACA	1262	2160	15	2366	3449
AGACC	4828	2078	226	2008	7462
AGACG	3794	6707	375	7130	9123
AGACT	1164	1165	18	1200	2099
AGAGA	1188	2117	15	2164	3784
AGAGC	4417	2109	217	2150	7846
AGAGG	2694	1451	116	1421	4653
AGAGT	1149	1217	18	1213	1734
AGATA	1463	1323	0	1481	3796
AGATC	6242	1294	399	1291	13611
AGATG	3793	4117	189	4341	8077
AGATT	1414	2281	0	2482	4229
AGCAA	3380	2884	32	2982	5611
AGCAC	7083	2215	560	2213	7791
AGCAG	14034	1996	671	2047	11947
AGCAT	4269	2132	127	2182	6846
AGCCA	5700	1927	149	2034	7022
AGCCC	6857	1418	476	1488	8269
AGCCG	12982	4043	803	4044	19203
AGCCT	4939	1157	145	1176	6987
AGCGA	6074	4469	380	4533	10085
AGCGC	15760	3593	1363	3716	19570
AGCGG	11848	4162	701	4445	13390
AGCGT	4539	3655	262	3841	8662
AGCTA	992	782	17	704	1621
AGCTC	5142	2870	867	2932	8089
AGCTG	6005	2095	429	2172	8799
AGCTT	3650	1900	68	2032	8043
AGGAA	5503	2568	97	2512	8931
AGGAC	4986	2228	284	2274	6231
AGGAG	4729	2020	466	2109	6501
AGGAT	4714	1645	161	1754	8949
AGGCA	3919	1806	94	1861	7984
AGGCC	14280	1608	538	1533	13914
AGGCG	14807	4474	831	4509	17564
AGGCT	5192	1213	137	1146	6967
AGGGA	3063	1552	69	1377	4179
AGGGC	11272	1239	603	1207	9765
AGGGG	3862	1157	171	1080	3609
AGGGT	4945	776	75	737	3742
AGGTA	2845	860	79	807	1983
AGGTC	7474	1953	531	2010	9321
AGGTG	6753	1774	363	1768	6641
AGGTT	3371	1124	56	1103	4386
AGTAA	607	1247	0	1359	907
AGTAC	2284	1459	146	1390	1150
AGTAG	1686	1027	80	1061	1359
AGTAT	905	1338	0	1415	1464
AGTCA	1304	1925	17	2060	2196
AGTCC	3696	1779	103	1860	3400
AGTCG	5471	4219	436	4379	5899
AGTCT	1225	1190	14	1179	2128
AGTGA	1331	2439	27	2635	2447
AGTGC	3237	1768	121	1694	4383
AGTGG	3049	1523	144	1616	3072
AGTGT	928	1395	22	1594	1881
AGTTA	453	916	0	965	755
AGTTC	6405	3682	183	3771	6709
AGTTG	4838	2883	35	3007	3504
AGTTT	1418	2138	0	2293	2956
ATAAA	861	2917	0	2940	2205
ATAAC	908	1703	0	1920	2455
ATAAG	709	1565	0	1647	2047
ATAAT	740	2012	0	2250	2551
ATACA	992	1841	0	2029	1474
ATACC	2649	1467	12	1460	3717
ATACG	1556	3379	18	3529	3477
ATACT	926	1320	0	1395	1446
ATAGA	1353	1755	0	1992	4100
ATAGC	2128	1463	15	1582	4095
ATAGG	1729	999	14	955	5011
ATAGT	959	1414	0	1512	2038
ATATA	735	1806	0	1984	2010
ATATC	2291	2915	0	3054	8438
ATATG	1120	2448	0	2438	4036
ATATT	1157	2064	0	2340	4614
ATCAA	3074	5218	94	5484	7385
ATCAC	4489	2999	241	3078	7686
ATCAG	6827	2030	74	2063	10881
ATCAT	3362	4484	176	4684	9656
ATCCA	4816	2505	163	2594	6550
ATCCC	3861	2671	218	2633	6872
ATCCG	7141	3925	382	4244	12852
ATCCT	4319	1698	249	1690	8924
ATCGA	8945	8206	639	8625	19733
ATCGC	9999	4882	933	5125	20606
ATCGG	8503	5132	532	5370	16980
ATCGT	4445	5836	486	6048	12060
ATCTA	1003	1021	33	1005	2148
ATCTC	3979	3202	238	3352	11026
ATCTG	5147	1697	111	1658	8931
ATCTT	2870	3300	100	3500	7435
ATGAA	3938	5508	84	5632	8299
ATGAC	3543	5266	224	5456	9628
ATGAG	2293	3817	208	4078	5531
ATGAT	3348	4500	165	4727	9881
ATGCA	3166	1830	86	1856	6121
ATGCC	9348	3101	339	3110	15751
ATGCG	6469	3484	420	3647	12909
ATGCT	4305	2083	204	2228	6787
ATGGA	3916	3627	112	3648	6695
ATGGC	9532	3761	263	3917	14379
ATGGG	3980	2243	140	2280	5731
ATGGT	3832	2317	124	2365	6505
ATGTA	1525	1699	33	1784	1901
ATGTC	4298	3207	129	3458	9780
ATGTG	2178	1979	51	2162	3914
ATGTT	2317	2731	61	2964	4673
ATTAA	351	1573	0	1695	889
ATTAC	1024	1417	0	1493	2138
ATTAG	287	735	0	700	800
ATTAT	754	2136	0	2243	2492
ATTCA	1662	3388	10	3687	3713
ATTCC	3253	2474	24	2678	7029
ATTCG	3750	3918	29	4165	7858
ATTCT	1456	1964	11	2132	4166
ATTGA	1815	4533	0	4844	5542
ATTGC	2976	2367	13	2481	9807
ATTGG	1948	2477	15	2475	5951
ATTGT	1180	2298	0	2556	4225
ATTTA	548	1968	0	2110	1292
ATTTC	3943	3461	0	3739	10293
ATTTG	1095	3645	0	3804	3982
ATTTT	1481	4000	0	4334	4659
CAAAA	1339	4023	0	4100	4994
CAAAC	1448	3125	0	3288	4473
CAAAG	1529	2799	11	2651	6407
CAAAT	1096	3588	0	3934	4035
CAACA	3518	3244	101	3453	5951
CAACC	5068	2147	204	2169	6552
CAACG	5713	3513	244	3684	9396
CAACT	4593	2952	70	2989	3584
CAAGA	3239	4527	102	4563	7569
CAAGC	5787	3420	240	3573	12353
CAAGG	7319	2579	218	2491	12643
CAAGT	1997	3770	54	3873	3342
CAATA	1225	1907	0	1987	3650
CAATC	2459	5227	19	5519	8552
CAATG	2428	1930	12	2020	7997
CAATT	1490	2709	0	3068	4723
CACAA	1497	1688	39	1679	2947
CACAC	1816	1681	101	1666	2424
CACAG	2744	1260	94	1241	3210
CACAT	2208	2062	82	2104	4050
CACCA	8601	1810	182	1850	8824
CACCC	7207	1525	319	1506	6290
CACCG	12363	4239	903	4360	14629
CACCT	6545	1756	329	1762	7269
CACGA	4268	3988	796	4137	8280
CACGC	7696	2931	824	3025	9928
CACGG	6785	3336	617	3439	8309
CACGT	3246	4116	334	4257	3860
CACTA	935	686	36	710	1015
CACTC	2149	2379	120	2359	3090
CACTG	3137	1186	91	1203	4156
CACTT	2210	3015	62	3134	3340
CAGAA	3627	2117	90	2156	7216
CAGAC	4218	2385	128	2455	6153
CAGAG	2948	1108	87	1144	4603
CAGAT	5297	1557	160	1750	8808
CAGCA	15519	1833	459	1836	14050
CAGCC	13774	2126	406	2160	15657
CAGCG	18594	2505	718	2660	20018
CAGCT	6244	2116	438	2168	8852
CAGGA	8122	1654	289	1738	10890
CAGGC	19029	1910	422	2015	15819
CAGGG	12806	926	225	908	7059
CAGGT	10499	1402	266	1329	7217
CAGTA	2069	1025	54	983	1855
CAGTC	4151	1991	168	2119	5593
CAGTG	3224	1187	87	1202	4115
CAGTT	7190	2664	64	2793	5227
CATAA	779	1855	0	1972	2621
CATAC	1186	2034	14	2172	1934
CATAG	1896	1333	16	1457	4803
CATAT	1129	2311	0	2535	4057
CATCA	5749	5192	319	5462	12444
CATCC	7414	4025	566	4143	11172
CATCG	12422	8545	1072	8998	22617
CATCT	3780	4194	189	4345	8129
CATGA	4766	4654	233	4908	9764
CATGC	8078	2633	326	2733	12080
CATGG	8425	2708	283	2715	11058
CATGT	3421	2600	82	2840	6039
CATTA	733	1302	0	1245	1644
CATTC	2871	2814	32	2951	7357
CATTG	2443	1903	11	1987	8075
CATTT	1920	2797	0	2949	4924
CCAAA	1281	2776	0	2840	4168
CCAAC	4455	2012	101	2064	5466
CCAAG	4233	2699	85	2764	7866
CCAAT	1813	2399	12	2619	5623
CCACA	3002	1427	154	1436	3942
CCACC	11140	1741	323	1666	8626
CCACG	7732	2382	555	2419	7201
CCACT	3090	1516	135	1589	2980
CCAGA	6454	1725	159	1805	9235
CCAGC	20636	1583	431	1626	15957
CCAGG	18702	1223	309	1118	10600
CCAGT	7286	1578	136	1529	5739
CCATA	1538	1764	10	2047	3596
CCATC	8599	5067	329	5136	13334
CCATG	8410	2649	197	2751	11250
CCATT	2570	2271	17	2343	6009
CCCAA	2091	1567	55	1542	3599
CCCAC	3996	1348	305	1306	3405
CCCAG	9784	1225	220	1219	7159
CCCAT	3948	2205	132	2264	5819
CCCCA	3743	1285	152	1276	3761
CCCCC	3230	877	151	828	2586
CCCCG	7158	2370	705	2460	6755
CCCCT	3667	1130	158	1148	3756
CCCGA	6037	4004	794	4089	10081
CCCGC	12910	2567	1148	2567	13933
CCCGG	13974	3055	704	2896	11326
CCCGT	4056	3302	409	3471	6166
CCCTA	1257	468	51	433	1818
CCCTC	5145	1280	449	1378	6135
CCCTG	12052	917	237	876	7333
CCCTT	3876	1927	97	1989	6875
CCGAA	7932	4691	219	4811	15189
CCGAC	11292	5147	1297	5232	15760
CCGAG	12306	4802	1461	5186	15457
CCGAT	8358	5237	443	5333	17423
CCGCA	8486	2624	681	2655	16276
CCGCC	25186	3488	1424	3606	28762
CCGCG	17903	3411	2456	3536	20986
CCGCT	11296	4290	776	4350	14007
CCGGA	10188	4028	316	4093	13921
CCGGC	32726	4282	1506	4494	35062
CCGGG	14074	2899	667	3034	10709
CCGGT	10267	4383	473	4265	13356
CCGTA	2886	2272	86	2388	3936
CCGTC	8972	6767	925	7207	17762
CCGTG	6901	3309	622	3407	8647
CCGTT	4829	4347	146	4472	8318
CCTAA	305	652	0	593	892
CCTAC	2741	699	207	697	2476
CCTAG	445	340	22	333	773
CCTAT	1629	956	15	969	4863
CCTCA	2753	2043	279	2114	6060
CCTCC	6299	1698	402	1677	7718
CCTCG	15069	4813	1653	4823	17713
CCTCT	2629	1453	162	1488	4937
CCTGA	6510	1548	107	1577	9591
CCTGC	18031	1526	758	1463	15703
CCTGG	18030	1144	246	1157	10471
CCTGT	5014	1696	83	1737	5707
CCTTA	598	885	0	826	1796
CCTTC	8664	3311	355	3474	15152
CCTTG	8120	2499	119	2518	12692
CCTTT	2333	2427	0	2677	6387
CGAAA	5012	4756	17	4783	14580
CGAAC	9646	7755	412	8071	11465
CGAAG	11578	5615	629	5733	18297
CGAAT	3588	3991	25	4202	7944
CGACA	7430	5158	484	5292	15533
CGACC	13934	5855	1671	6134	17030
CGACG	14736	10547	2999	10669	26418
CGACT	5265	4320	455	4389	5680
CGAGA	6095	5808	724	6109	14575
CGAGC	15687	8347	2931	8711	21031
CGAGG	14633	4820	1809	5021	16767
CGAGT	4063	4593	440	4888	4239
CGATA	3294	3729	29	3837	9114
CGATC	13591	4483	1400	4535	29804
CGATG	12885	8595	802	8940	22134
CGATT	3115	7299	29	7733	8250
CGCAA	5147	2801	149	2936	12589
CGCAC	7049	2363	779	2418	9174
CGCAG	12891	1501	786	1561	14502
CGCAT	6292	3504	516	3651	13337
CGCCA	17593	4127	458	4375	22133
CGCCC	17920	2893	1319	3060	17011
CGCCG	38289	6519	3457	6739	45992
CGCCT	14280	4417	755	4621	18601
CGCGA	10937	5350	2383	5497	18282
CGCGC	22934	3372	3591	3399	27667
CGCGG	18418	3455	2465	3471	19416
CGCGT	5510	3829	1018	4117	10164
CGCTA	2354	1446	97	1404	3582
CGCTC	11188	6941	2011	7314	15779
CGCTG	17871	2570	813	2506	19928
CGCTT	5930	5063	220	5110	12120
CGGAA	6474	4248	128	4235	12829
CGGAC	7478	5015	243	5087	8035
CGGAG	5929	2493	521	2640	8341
CGGAT	7375	4013	302	4071	12745
CGGCA	18872	4887	1162	5070	31289
CGGCC	28291	4747	1662	4935	29339
CGGCG	38864	6612	3487	6687	42670
CGGCT	12632	4024	1038	4109	18313
CGGGA	6863	4437	341	4644	8921
CGGGC	16015	3209	1611	3244	16072
CGGGG	7376	2428	607	2408	5749
CGGGT	7309	2811	366	2884	6646
CGGTA	4438	2253	97	2159	4918
CGGTC	10233	7072	1028	7310	16268
CGGTG	12505	4266	827	4323	13885
CGGTT	4790	3814	94	3813	8887
CGTAA	969	2124	0	2171	2864
CGTAC	2848	2801	159	2847	2053
CGTAG	4594	1141	200	1234	3984
CGTAT	1616	3319	19	3508	3602
CGTCA	4499	8165	555	8643	15715
CGTCC	8417	5971	397	6283	10476
CGTCG	15767	10328	3004	10865	27762
CGTCT	3638	6805	379	7033	10021
CGTGA	3160	5437	460	5554	7422
CGTGC	8796	3000	1528	3231	11592
CGTGG	7901	2357	569	2409	6871
CGTGT	2187	3479	187	3670	4342
CGTTA	822	1930	0	1995	2428
CGTTC	6101	7928	471	8562	9794
CGTTG	6324	3574	152	3647	9335
CGTTT	2532	4298	11	4280	6320
CTAAA	359	1329	0	1257	1141
CTAAC	321	689	0	650	863
CTAAG	319	538	0	523	931
CTAAT	313	698	0	749	789
CTACA	2226	1038	103	1041	2658
CTACC	3773	733	203	726	2848
CTACG	3865	1220	349	1170	3844
CTACT	1475	1053	98	1092	1263
CTAGA	358	559	13	545	824
CTAGC	573	456	24	455	1187
CTAGG	455	341	20	345	733
CTAGT	233	437	0	426	494
CTATA	733	1461	0	1458	2143
CTATC	2281	1444	20	1423	5041
CTATG	1792	1436	20	1375	4821
CTATT	1065	1447	0	1488	3007
CTCAA	3180	2506	172	2561	5311
CTCAC	2082	2252	283	2183	3799
CTCAG	3197	1369	105	1350	4589
CTCAT	2395	3931	394	4013	5469
CTCCA	6912	2099	180	2024	6468
CTCCC	3986	1479	241	1551	4441
CTCCG	5998	2598	585	2532	9359
CTCCT	5194	2115	311	2065	6680
CTCGA	11726	8596	1826	8857	17931
CTCGC	12033	4350	1854	4593	15032
CTCGG	12366	5005	1424	4963	15124
CTCGT	5091	5756	1059	6046	8930
CTCTA	1466	1015	89	1099	2738
CTCTC	2667	1598	292	1609	5364
CTCTG	2903	1091	86	1134	4909
CTCTT	2396	3104	135	3327	5848
CTGAA	4374	2470	47	2470	8358
CTGAC	4896	2255	174	2164	8396
CTGAG	3084	1329	130	1332	4775
CTGAT	6335	1902	97	2139	10494
CTGCA	9698	1351	431	1459	10739
CTGCC	11465	1833	583	1750	14897
CTGCG	12375	1558	758	1461	14638
CTGCT	13113	1959	793	2082	11518
CTGGA	11499	1659	203	1668	10228
CTGGC	20060	1655	308	1655	14809
CTGGG	9232	1245	258	1200	6525
CTGGT	9830	1510	163	1549	8894
CTGTA	2072	1250	19	1196	1626
CTGTC	5088	2459	105	2561	7664
CTGTG	2692	1188	123	1277	3384
CTGTT	5077	3066	86	3194	5624
CTTAA	322	952	0	928	1201
CTTAC	632	1137	0	1184	1599
CTTAG	284	590	0	493	891
CTTAT	643	1592	0	1636	2070
CTTCA	5660	5210	202	5417	11500
CTTCC	6864	3668	302	3837	10959
CTTCG	11291	5650	806	5793	18147
CTTCT	4560	4322	178	4660	8799
CTTGA	5181	4894	112	5170	8589
CTTGC	6714	3166	123	3174	13115
CTTGG	4663	2682	53	2760	7907
CTTGT	3490	3369	56	3588	5846
CTTTA	711	1998	0	2181	2276
CTTTC	4020	3822	11	4034	8805
CTTTG	1534	2582	0	2877	6460
CTTTT	2303	3346	0	3649	5925
GAAAA	3835	3945	0	4048	9663
GAAAC	4676	3803	10	3901	8422
GAAAG	4221	3994	15	3960	9554
GAAAT	3882	3596	0	3627	10503
GAACA	7175	5125	118	5247	7399
GAACC	4319	3047	193	3080	7563
GAACG	5984	8177	411	8334	9921
GAACT	5870	3637	131	3778	6594
GAAGA	6238	6491	261	6669	13633
GAAGC	8918	4995	382	4955	15230
GAAGG	8985	3414	374	3335	15087
GAAGT	4695	4224	170	4361	5561
GAATA	1835	2059	0	2181	4245
GAATC	2990	4636	31	4783	3960
GAATG	3032	2864	20	2961	7756
GAATT	2287	2479	0	2500	7349
GACAA	3350	3685	108	3778	7304
GACAC	2959	3402	200	3439	5082
GACAG	5208	2412	97	2614	7251
GACAT	3998	3284	196	3436	9565
GACCA	8441	2497	286	2538	9055
GACCC	6025	2117	431	2208	5371
GACCG	9677	7057	1104	7395	15742
GACCT	6899	1992	536	1932	8685
GACGA	9874	11933	1363	12376	20684
GACGC	8430	5623	1264	5676	15630
GACGG	8593	6939	955	7005	16276
GACGT	4102	7116	635	7398	7943
GACTA	1443	1067	72	1044	1801
GACTC	2917	2229	230	2329	1527
GACTG	4002	2076	178	2067	5269
GACTT	3028	3903	124	3948	4564
GAGAA	4134	3903	155	4096	8033
GAGAC	2650	4096	331	4351	6511
GAGAG	2610	1526	170	1631	4993
GAGAT	3816	3184	308	3336	11068
GAGCA	9821	4163	830	4367	10084
GAGCC	7435	2590	882	2769	10029
GAGCG	10786	6935	1681	7165	15696
GAGCT	4879	2849	809	3022	8176
GAGGA	7327	3514	567	3594	10142
GAGGC	8618	3124	893	3169	12129
GAGGG	5180	1379	533	1239	5628
GAGGT	5034	1994	585	2110	6676
GAGTA	1405	1378	115	1499	1213
GAGTC	2878	2227	253	2304	1471
GAGTG	2152	2255	157	2499	3115
GAGTT	3332	3136	116	3266	4381
GATAA	1115	2394	0	2464	3443
GATAC	2520	2262	21	2349	4081
GATAG	2415	1441	18	1512	5288
GATAT	2366	2875	0	3080	8394
GATCA	9397	2915	260	2991	15679
GATCC	7066	1722	415	1770	12532
GATCG	13280	4499	1463	4497	29746
GATCT	6514	1312	281	1343	13652
GATGA	6042	8583	429	8776	15347
GATGC	10414	4604	700	4790	17148
GATGG	8769	4977	335	5266	12529
GATGT	5074	3713	186	4031	8250
GATTA	771	2103	0	2246	2231
GATTC	3119	4479	38	4924	3924
GATTG	2618	5037	19	5472	8984
GATTT	2786	5390	0	5783	7908
GCAAA	2104	2452	0	2460	8552
GCAAC	6976	2893	163	3057	9028
GCAAG	6284	3101	234	3145	13621
GCAAT	2995	2409	13	2546	9875
GCACA	3527	1450	129	1378	4277
GCACC	11201	2170	777	2330	11732
GCACG	9069	3115	1283	3074	11620
GCACT	3064	1704	144	1777	4385
GCAGA	6393	1647	269	1663	10035
GCAGC	17808	2096	1233	2103	20604
GCAGG	19193	1495	737	1530	15443
GCAGT	5457	1448	190	1506	5484
GCATA	1767	1641	15	1671	4408
GCATC	10243	4558	860	4817	17432
GCATG	8090	2624	307	2815	11906
GCATT	2841	1569	22	1664	7811
GCCAA	5664	3289	80	3470	10769
GCCAC	9597	2201	410	2338	9254
GCCAG	20920	1674	370	1637	15010
GCCAT	9339	3682	215	3875	14887
GCCCA	9816	1756	358	1821	8178
GCCCC	7307	1695	522	1707	6924
GCCCG	16088	3183	1550	3265	18290
GCCCT	11105	1217	502	1224	10411
GCCGA	24083	6597	1979	6564	34595
GCCGC	29098	4395	2554	4503	37750
GCCGG	32935	4333	1398	4361	35039
GCCGT	12433	4948	940	5334	18662
GCCTA	2170	872	121	875	3773
GCCTC	9166	3085	874	3168	12898
GCCTG	17865	1966	347	2003	16014
GCCTT	8289	2982	206	3187	14574
GCGAA	9323	4687	401	4670	13615
GCGAC	11839	5755	1574	5894	17162
GCGAG	11776	4473	1644	4534	14211
GCGAT	10367	4928	929	5003	20306
GCGCA	16226	2355	1093	2404	18272
GCGCC	29130	3357	2022	3477	30750
GCGCG	23046	3298	3459	3457	26710
GCGCT	15403	3626	1608	3638	18697
GCGGA	10518	3672	587	3632	13318
GCGGC	29856	4421	2690	4449	34668
GCGGG	13103	2543	1158	2653	12060
GCGGT	11051	3191	900	3318	13047
GCGTA	3152	1960	125	1972	3451
GCGTC	8989	5463	1206	5791	16697
GCGTG	7742	2942	747	3048	9774
GCGTT	5421	3775	252	3940	8474
GCTAA	476	848	0	758	1382
GCTAC	3553	1246	215	1209	3310
GCTAG	537	477	23	458	1174
GCTAT	2027	1518	12	1462	4104
GCTCA	5575	3510	639	3563	7082
GCTCC	7686	2762	599	2730	8351
GCTCG	15801	8391	3418	8705	20205
GCTCT	4440	2046	400	2220	7993
GCTGA	8493	2680	274	2724	14184
GCTGC	16896	2059	1457	2073	20151
GCTGG	19523	1636	386	1530	15539
GCTGT	6795	2305	221	2315	7288
GCTTA	601	1017	0	1052	2064
GCTTC	8642	4878	494	5126	15026
GCTTG	6321	3426	124	3528	11980
GCTTT	3468	2735	0	2821	9061
GGAAA	6321	2947	0	2901	11159
GGAAC	5670	3639	163	3613	7357
GGAAG	7102	3741	201	3676	10925
GGAAT	3267	2581	21	2565	7117
GGACA	5523	2628	75	2731	5454
GGACC	4887	2177	225	2205	5329
GGACG	7732	6030	408	6143	9732
GGACT	3658	1839	103	1817	3159
GGAGA	4779	2308	198	2482	7814
GGAGC	7216	2639	642	2824	7664
GGAGG	5897	1699	471	1660	7144
GGAGT	3116	1389	164	1458	2399
GGATA	2527	1879	10	1970	4786
GGATC	7515	1750	328	1738	12614
GGATG	7752	4010	447	4125	10932
GGATT	3183	3093	27	3269	6558
GGCAA	7069	3287	211	3360	17776
GGCAC	7679	2585	632	2594	9855
GGCAG	11991	1756	488	1811	14268
GGCAT	9265	2971	494	3229	15444
GGCCA	17678	2540	368	2657	11887
GGCCC	10864	1807	619	1742	8756
GGCCG	28126	4831	1638	4953	29315
GGCCT	14302	1505	566	1601	13887
GGCGA	22960	7113	1598	7106	28047
GGCGC	29401	3340	2118	3462	28687
GGCGG	25413	3595	1550	3535	25512
GGCGT	11803	4294	884	4319	13504
GGCTA	2554	1168	132	1117	3397
GGCTC	7597	2742	1024	2626	9911
GGCTG	13380	2184	485	2100	14765
GGCTT	6589	2661	276	2761	11642
GGGAA	4592	2951	97	2966	6390
GGGAC	3810	2723	146	2805	4002
GGGAG	3927	1578	319	1510	4270
GGGAT	4061	2593	201	2709	6666
GGGCA	8644	1691	467	1720	9259
GGGCC	10922	1718	663	1817	8077
GGGCG	18234	3041	1381	2955	15018
GGGCT	6672	1532	555	1405	7285
GGGGA	3734	2042	249	1981	3976
GGGGC	7475	1721	488	1696	5993
GGGGG	3358	861	192	798	2365
GGGGT	3888	1120	212	1074	2934
GGGTA	2315	904	54	917	1806
GGGTC	6226	2160	355	2190	5136
GGGTG	7619	1513	277	1461	5674
GGGTT	3334	1473	90	1519	4221
GGTAA	1366	1423	0	1312	2698
GGTAC	3439	1505	89	1523	2005
GGTAG	4386	753	158	698	2755
GGTAT	2625	1451	10	1459	3632
GGTCA	7653	3565	262	3668	9136
GGTCC	5078	2187	194	2265	5825
GGTCG	14759	5877	1510	6066	17673
GGTCT	4969	2004	213	2118	7571
GGTGA	7951	3060	309	3096	11195
GGTGC	11315	2285	878	2210	10674
GGTGG	11104	1671	310	1676	8103
GGTGT	4895	2339	147	2363	4580
GGTTA	886	1071	0	1079	2087
GGTTC	4507	3013	171	3082	7413
GGTTG	5461	2171	113	2215	6659
GGTTT	3589	2044	0	2052	6041
GTAAA	698	2024	0	2147	2121
GTAAC	1068	1605	0	1525	1865
GTAAG	668	1135	0	1162	1659
GTAAT	1150	1443	0	1494	2175
GTACA	2100	1741	80	1673	1134
GTACC	3402	1520	100	1515	2131
GTACG	2780	2796	191	2856	1889
GTACT	2329	1346	86	1443	1203
GTAGA	3106	1190	133	1180	3315
GTAGC	4189	1173	144	1250	3382
GTAGG	3332	682	133	639	2454
GTAGT	2685	886	83	984	1639
GTATA	621	1836	0	1910	1276
GTATC	2413	2241	21	2360	4066
GTATG	1196	2063	0	2159	2107
GTATT	1902	1934	0	1919	2793
GTCAA	2732	4910	120	5139	6603
GTCAC	3306	4205	323	4391	7053
GTCAG	5211	2055	123	2332	8618
GTCAT	3475	5213	284	5515	9621
GTCCA	6002	2630	120	2799	5575
GTCCC	3929	2765	167	2774	4223
GTCCG	7636	4978	243	5189	8960
GTCCT	5292	2191	218	2282	6587
GTCGA	13186	8646	1580	9140	21518
GTCGC	12469	5613	1558	5972	18529
GTCGG	11935	5078	1113	5306	16053
GTCGT	6315	6067	1032	6334	11366
GTCTA	1230	1216	63	1202	2227
GTCTC	2670	4168	303	4271	7283
GTCTG	4174	2377	105	2486	6220
GTCTT	3054	4449	149	4665	7598
GTGAA	3255	3956	138	3929	5895
GTGAC	3432	4217	245	4366	6688
GTGAG	2198	2143	225	2291	3784
GTGAT	4503	2884	204	3155	7592
GTGCA	5172	1326	400	1290	5104
GTGCC	7988	2525	624	2629	10158
GTGCG	7096	2346	804	2439	8594
GTGCT	6553	2173	822	2241	7269
GTGGA	5319	2027	189	2086	5061
GTGGC	9765	2287	441	2255	8857
GTGGG	4073	1273	329	1346	3236
GTGGT	5936	1365	222	1474	4739
GTGTA	1224	1341	46	1354	1210
GTGTC	3047	3233	133	3526	5210
GTGTG	1794	1592	105	1738	2581
GTGTT	2859	2444	79	2534	3502
GTTAA	336	1100	0	1187	1139
GTTAC	1034	1534	0	1616	1896
GTTAG	323	609	0	720	819
GTTAT	879	1813	0	1780	2449
GTTCA	4293	5158	152	5661	6227
GTTCC	5708	3554	219	3705	7407
GTTCG	10006	7686	495	8100	11355
GTTCT	3920	3146	140	3350	5944
GTTGA	4473	4310	117	4494	7589
GTTGC	7475	2972	125	2970	8779
GTTGG	4840	2058	64	2055	5461
GTTGT	3477	2515	67	2741	3719
GTTTA	417	1474	0	1492	1223
GTTTC	4839	3779	13	3876	8146
GTTTG	1508	3172	0	3172	4471
GTTTT	2337	3125	0	3303	5254
TAAAA	701	2866	0	2894	1751
TAAAC	404	1446	0	1498	1351
TAAAG	674	2158	0	2084	2210
TAAAT	535	1994	0	2232	1336
TAACA	423	1219	0	1173	1117
TAACC	886	1080	0	1058	2108
TAACG	850	1939	0	2012	2345
TAACT	461	935	0	977	708
TAAGA	364	1276	0	1408	1211
TAAGC	687	1059	0	980	2077
TAAGG	597	814	0	834	1861
TAAGT	385	977	0	1088	746
TAATA	523	1154	0	1324	1068
TAATC	802	2105	0	2235	2234
TAATG	762	1216	0	1328	1734
TAATT	500	1212	0	1274	1349
TACAA	1356	1878	39	1813	1913
TACAC	1081	1346	69	1378	1287
TACAG	2070	1173	22	1261	1553
TACAT	1379	1673	63	1734	1889
TACCA	2089	1105	54	1127	2416
TACCC	2257	950	59	862	1917
TACCG	4211	2139	100	2310	4873
TACCT	2647	813	107	834	2064
TACGA	2198	2551	136	2665	3386
TACGC	2896	1955	192	1991	3471
TACGG	2691	2366	146	2294	3625
TACGT	1317	2638	89	2747	1524
TACTA	527	705	26	670	526
TACTC	1413	1494	68	1456	1249
TACTG	2055	918	47	1060	1792
TACTT	1326	1891	46	2067	1242
TAGAA	1115	1434	21	1436	2042
TAGAC	1317	1136	53	1289	2204
TAGAG	1588	1087	50	1042	2757
TAGAT	1064	953	32	1045	2124
TAGCA	772	641	15	712	1442
TAGCC	2777	1118	80	1179	3475
TAGCG	2610	1378	71	1470	3508
TAGCT	1153	708	20	740	1538
TAGGA	728	704	18	755	1646
TAGGC	2512	882	84	863	3703
TAGGG	1344	445	34	428	1925
TAGGT	1226	582	31	525	1834
TAGTA	680	647	19	738	551
TAGTC	1579	1064	42	1072	1869
TAGTG	1011	674	25	699	1067
TAGTT	852	1042	0	1092	1216
TATAA	505	1813	0	1945	1289
TATAC	592	1820	0	1893	1298
TATAG	758	1416	0	1508	2132
TATAT	730	1879	0	1906	2061
TATCA	1059	2016	0	2146	3451
TATCC	2493	1892	14	1930	4956
TATCG	3176	3682	23	3889	8822
TATCT	1418	1358	0	1380	3658
TATGA	824	2668	0	2745	3145
TATGC	1718	1623	0	1714	4455
TATGG	1489	1973	11	1873	3664
TATGT	788	1581	0	1637	2330
TATTA	427	1223	0	1257	1067
TATTC	1873	2031	0	2183	4300
TATTG	1327	1884	0	1996	3684
TATTT	1328	2513	0	2643	3239
TCAAA	1098	5271	10	5597	4300
TCAAC	4247	4290	228	4550	7321
TCAAG	4620	5028	199	5102	8645
TCAAT	1778	4490	10	4985	5455
TCACA	906	2358	22	2383	2867
TCACC	7670	3060	415	3101	11677
TCACG	3023	5342	529	5688	7306
TCACT	1358	2498	20	2517	2495
TCAGA	1619	1604	22	1729	4672
TCAGC	8837	2644	207	2731	14599
TCAGG	7042	1517	81	1570	9474
TCAGT	2360	2102	33	2184	3381
TCATA	837	2609	0	2738	3090
TCATC	5914	8428	671	9044	15274
TCATG	4929	4669	306	4862	9752
TCATT	1516	3251	0	3351	4644
TCCAA	1784	2951	32	3055	4175
TCCAC	5379	2052	232	2116	5203
TCCAG	12340	1665	230	1686	10521
TCCAT	4028	3545	87	3794	6845
TCCCA	2921	1927	79	1887	4311
TCCCC	3673	1975	207	2051	4108
TCCCG	6683	4551	396	4470	9396
TCCCT	2935	1442	68	1549	4146
TCCGA	3515	3714	201	4028	8835
TCCGC	10143	3594	683	3755	14746
TCCGG	10546	3996	333	4136	13840
TCCGT	3026	4321	134	4404	6406
TCCTA	660	751	30	709	1563
TCCTC	7394	3549	527	3600	10398
TCCTG	8254	1708	305	1669	11029
TCCTT	3943	2483	82	2630	7986
TCGAA	7797	7053	265	7443	15411
TCGAC	12505	8867	1799	8975	20736
TCGAG	11734	8475	1891	8992	18103
TCGAT	9573	8118	474	8661	19850
TCGCA	3375	2822	245	3044	9369
TCGCC	22699	6910	1676	7289	30155
TCGCG	11504	5319	2479	5534	18036
TCGCT	6210	4368	379	4593	10388
TCGGA	3586	3844	155	3822	8843
TCGGC	24404	6361	2124	6725	34000
TCGGG	6383	3994	687	4164	9245
TCGGT	6539	5677	388	5757	10452
TCGTA	2593	2510	103	2660	3592
TCGTC	10231	11918	1556	12364	21418
TCGTG	4371	3931	1025	4120	8069
TCGTT	3579	4888	137	5177	7220
TCTAA	294	1059	0	1133	949
TCTAC	2793	1128	191	1220	3244
TCTAG	378	523	10	583	814
TCTAT	1353	1879	10	1830	4075
TCTCA	1131	2563	19	2570	4295
TCTCC	4914	2367	188	2336	8459
TCTCG	6338	5851	748	6101	14845
TCTCT	1241	2083	14	2217	4073
TCTGA	1479	1653	32	1649	4785
TCTGC	6548	1622	173	1730	10535
TCTGG	6181	1764	158	1790	9024
TCTGT	1641	2165	13	2330	3056
TCTTA	328	1338	0	1322	1174
TCTTC	6381	6440	415	6786	13876
TCTTG	3554	4426	60	4762	7441
TCTTT	1539	4034	0	4416	5225
TGAAA	2697	4389	0	4408	6971
TGAAC	4313	5379	132	5463	6620
TGAAG	5705	5234	163	5392	11673
TGAAT	1699	3451	0	3539	4010
TGACA	1300	2837	27	2878	4766
TGACC	7393	3553	235	3726	9032
TGACG	4737	8327	435	8513	15260
TGACT	1303	1951	28	1982	2223
TGAGA	1148	2476	27	2659	4432
TGAGC	5601	3442	412	3638	7444
TGAGG	2935	2041	182	2010	6011
TGAGT	1439	1797	19	2009	1808
TGATA	1132	2041	0	2117	3510
TGATC	8909	2921	292	3037	15581
TGATG	5869	5155	212	5457	12131
TGATT	1582	4336	0	4941	4010
TGCAA	2763	1883	24	1930	5100
TGCAC	5050	1276	362	1334	5194
TGCAG	9935	1433	484	1383	10849
TGCAT	3115	1785	67	1905	5930
TGCCA	4549	2252	100	2254	8878
TGCCC	8675	1733	518	1727	9767
TGCCG	19152	4880	973	5026	31536
TGCCT	3969	1826	82	1835	7784
TGCGA	3334	2911	187	2965	8880
TGCGC	15710	2331	1110	2399	18505
TGCGG	8849	2615	619	2601	14775
TGCGT	3452	2362	166	2474	6066
TGCTA	693	693	10	662	1370
TGCTC	9575	4156	1154	4346	9852
TGCTG	14451	1831	611	1864	13670
TGCTT	2863	2432	64	2624	6326
TGGAA	5791	3141	71	3042	8408
TGGAC	5526	2708	138	2730	5406
TGGAG	6423	1944	169	2165	5909
TGGAT	4827	2481	148	2568	6531
TGGCA	4569	2215	102	2343	8811
TGGCC	17477	2610	328	2668	12515
TGGCG	17672	4215	451	4271	20498
TGGCT	5624	1986	187	1944	7150
TGGGA	2730	1814	104	1988	4252
TGGGC	9710	1813	364	1750	7809
TGGGG	3859	1298	171	1263	3545
TGGGT	3352	1343	123	1392	3515
TGGTA	2218	1115	32	1109	2383
TGGTC	8526	2448	265	2607	9480
TGGTG	8388	1802	177	1793	8352
TGGTT	2948	1888	58	1993	4706
TGTAA	642	1413	0	1486	1351
TGTAC	2040	1638	63	1727	1149
TGTAG	2646	1010	55	1060	2692
TGTAT	986	1966	0	1966	1544
TGTCA	1268	2728	16	3006	4848
TGTCC	5668	2627	54	2636	5644
TGTCG	7908	4980	333	5442	16132
TGTCT	1296	2211	14	2294	3608
TGTGA	946	2264	16	2456	2895
TGTGC	3461	1317	123	1464	4476
TGTGG	3039	1401	158	1460	3847
TGTGT	914	1397	0	1525	1700
TGTTA	411	1139	0	1264	1033
TGTTC	6914	4921	181	5401	7017
TGTTG	3642	3227	73	3391	6050
TGTTT	1562	3070	0	3218	3777
TTAAA	396	2194	0	2364	1181
TTAAC	323	1176	0	1125	1095
TTAAG	337	888	0	978	1258
TTAAT	384	1534	0	1668	870
TTACA	568	1450	0	1443	1376
TTACC	1380	1287	0	1432	2574
TTACG	901	2115	0	2142	2796
TTACT	591	1289	0	1323	897
TTAGA	267	1106	0	1095	888
TTAGC	422	753	0	814	1299
TTAGG	294	591	0	632	910
TTAGT	245	690	0	679	532
TTATA	496	1825	0	1900	1351
TTATC	1161	2348	0	2508	3342
TTATG	711	1898	0	1997	2630
TTATT	831	2206	0	2332	1876
TTCAA	2757	6445	61	7050	6422
TTCAC	3080	3802	139	4037	5807
TTCAG	4623	2413	41	2469	8038
TTCAT	3964	5329	127	5783	8014
TTCCA	5801	2979	118	3234	8151
TTCCC	4436	2980	124	2999	6425
TTCCG	6455	4124	141	4358	12656
TTCCT	5446	2487	166	2571	8785
TTCGA	7752	7065	384	7449	14918
TTCGC	9287	4574	434	4770	13781
TTCGG	8108	4661	285	4829	14383
TTCGT	4923	5588	244	5893	7943
TTCTA	1119	1337	27	1460	1969
TTCTC	4308	3896	136	3992	7999
TTCTG	3625	2039	74	2221	7340
TTCTT	3482	5385	98	5794	6835
TTGAA	2847	6519	33	6771	6722
TTGAC	2862	4930	82	5113	6569
TTGAG	3548	2467	77	2615	5605
TTGAT	3306	5167	46	5531	7265
TTGCA	2827	1870	20	1947	5109
TTGCC	7544	3232	127	3353	17159
TTGCG	5405	2831	100	2892	12085
TTGCT	3611	2897	20	2945	5644
TTGGA	1833	2961	22	3103	4270
TTGGC	5985	3323	56	3399	10929
TTGGG	2366	1507	35	1567	3629
TTGGT	2482	2061	23	2114	4783
TTGTA	1493	1737	30	1905	1999
TTGTC	3707	3647	50	3833	7578
TTGTG	1696	1620	25	1728	3039
TTGTT	2276	4116	32	4582	4079
TTTAA	431	2167	0	2325	1175
TTTAC	750	2053	0	2047	2010
TTTAG	334	1206	0	1307	1119
TTTAT	923	2736	0	3078	2188
TTTCA	2809	4233	0	4574	6841
TTTCC	6313	2874	0	2942	10622
TTTCG	5023	4634	17	4883	13665
TTTCT	2598	3225	0	3325	5234
TTTGA	1094	5346	0	5522	4441
TTTGC	2222	2325	0	2512	8295
TTTGG	1215	2635	0	2893	4291
TTTGT	1025	2938	0	3163	2905
TTTTA	761	2722	0	2974	1701
TTTTC	3941	3904	0	4075	9118
TTTTG	1419	3845	0	4237	5019
TTTTT	2333	5676	0	6027	4439
